Player,Age,Team,Pos,MIN,Pts/Poss Rank,Pts/Poss,HALFCOURT: Pts/Play Rank,HALFCOURT: Pts/Play,HALFCOURT: OREB% Rank,HALFCOURT: OREB%,HALFCOURT: % of Plays Rank,HALFCOURT: % of Plays,PUTBACKS: Pts/Miss Rank,PUTBACKS: Pts/Miss,PUTBACKS: Plays/Miss Rank,PUTBACKS: Plays/Miss,PUTBACKS: Pts/Play Rank,PUTBACKS: Pts/Play
Quincy Acy,24.1,NYK,Big,1179,22,-4.7,16,-5.5,66,+1.4%,65,-0.7%,21,-3.0,28,-1.5,24,-9.0
Jordan Adams,20.3,MEM,Wing,185,82,+3.7,13,-6.2,98,+7.3%,86,-2.2%,100,+16.9,99,+8.4,98,+29.8
Steven Adams,21.3,OKC,Big,1767,32,-3.2,18,-5.0,71,+1.8%,49,+0.1%,81,+3.0,76,+1.7,67,+4.6
Jeff Adrien,28.7,MIN,Big,189,76,+2.8,71,+2.1,88,+3.8%,34,+1.1%,2,-7.3,39,-0.9,1,-37.0
Arron Afflalo,29.0,DEN,Wing,1746,72,+2.1,41,-1.5,92,+4.8%,34,+1.1%,89,+4.6,84,+2.6,76,+8.5
Arron Afflalo,29.0,POR,Wing,747,89,+5.3,98,+10.4,46,-0.5%,44,+0.6%,11,-4.6,76,+1.7,0,-41.7
Alexis Ajinca,26.5,NOP,Big,873,38,-2.0,52,-0.5,71,+1.7%,24,+1.6%,35,-1.6,54,+0.1,22,-9.5
Furkan Aldemir,23.2,PHI,Big,488,86,+4.6,68,+1.6,100,+9.6%,44,+0.5%,48,-0.4,89,+3.1,6,-20.7
Cole Aldrich,26.0,NYK,Big,915,9,-8.1,9,-8.0,16,-3.4%,40,+0.8%,38,-1.4,24,-1.9,63,+3.8
LaMarcus Aldridge,29.3,POR,Big,2508,95,+8.0,85,+4.2,90,+4.5%,74,-1.2%,95,+6.3,93,+4.1,73,+6.8
Lavoy Allen,25.7,IND,Big,1025,80,+3.4,56,-0.1,92,+4.8%,78,-1.5%,97,+7.8,94,+4.2,91,+17.4
Tony Allen,32.8,MEM,Wing,1631,77,+3.0,45,-1.3,82,+2.8%,98,-4.4%,86,+3.6,79,+1.9,78,+9.3
Al-Farouq Aminu,24.1,DAL,Forward,1277,61,+0.8,25,-3.8,87,+3.7%,88,-2.3%,76,+2.2,79,+2.0,44,-1.7
Lou Amundson,31.9,NYK,Big,856,86,+4.4,85,+4.4,28,-1.9%,79,-1.5%,47,-0.5,59,+0.4,33,-5.3
Chris Andersen,36.3,MIA,Big,1127,36,-2.3,53,-0.5,12,-3.8%,36,+0.9%,10,-5.2,11,-3.3,21,-10.0
Alan Anderson,32.0,BKN,Wing,1713,29,-3.4,53,-0.4,44,-0.6%,33,+1.1%,27,-2.4,40,-0.8,24,-9.0
Kyle Anderson,21.1,SAS,Wing,316,24,-4.6,16,-5.6,45,-0.5%,9,+2.9%,79,+2.7,43,-0.7,98,+28.5
Ryan Anderson,26.5,NOP,Big,1653,76,+3.0,67,+1.5,74,+2.0%,61,-0.5%,85,+3.5,84,+2.5,64,+3.8
Giannis Antetokounmpo,19.9,MIL,Forward,2507,67,+1.7,30,-3.0,78,+2.4%,68,-0.8%,79,+2.7,75,+1.6,69,+5.8
Carmelo Anthony,30.4,NYK,Forward,1424,99,+13.4,99,+11.6,73,+2.0%,63,-0.6%,87,+4.1,83,+2.4,76,+8.6
Joel Anthony,32.2,DET,Big,367,15,-6.1,36,-2.1,5,-5.6%,6,+3.5%,1,-8.7,0,-9.0,85,+13.3
Pero Antic,32.3,ATL,Big,1015,58,+0.2,41,-1.4,85,+3.1%,17,+2.1%,39,-1.2,28,-1.6,68,+5.0
Trevor Ariza,29.3,HOU,Forward,2924,33,-2.9,18,-5.2,29,-1.8%,47,+0.3%,34,-1.7,61,+0.5,12,-14.5
Darrell Arthur,26.6,DEN,Forward,959,16,-5.9,35,-2.3,6,-5.1%,76,-1.4%,9,-5.2,7,-4.0,36,-4.3
Omer Asik,28.3,NOP,Big,1975,27,-3.8,18,-5.1,77,+2.2%,56,-0.3%,49,-0.3,53,-0.1,46,-1.0
D.J. Augustin,27.0,DET,Point,1261,45,-1.2,47,-1.0,46,-0.4%,11,+2.8%,57,+0.4,32,-1.3,78,+9.4
D.J. Augustin,27.0,OKC,Point,624,25,-4.4,22,-4.1,44,-0.6%,3,+4.6%,11,-4.7,8,-3.6,50,+0.1
Jeff Ayres,27.5,SAS,Big,274,29,-3.6,8,-8.3,85,+3.2%,6,+3.5%,56,+0.3,25,-1.8,95,+20.1
Luke Babbitt,25.4,NOP,Forward,748,15,-6.0,48,-0.9,10,-4.0%,14,+2.4%,26,-2.4,30,-1.4,33,-5.1
Leandro Barbosa,31.9,GSW,Combo,863,10,-7.8,5,-9.8,81,+2.8%,28,+1.3%,53,+0.1,70,+1.1,30,-6.4
J.J. Barea,30.3,DAL,Combo,1236,85,+4.3,73,+2.3,58,+0.6%,32,+1.2%,68,+1.4,46,-0.5,83,+12.4
Andrea Bargnani,29.0,NYK,Big,768,21,-4.8,29,-3.1,14,-3.6%,30,+1.3%,54,+0.1,26,-1.7,86,+13.8
Harrison Barnes,22.4,GSW,Forward,2240,63,+1.0,61,+0.5,19,-3.0%,63,-0.6%,37,-1.5,29,-1.4,55,+1.7
Matt Barnes,34.6,LAC,Wing,2248,97,+9.4,92,+6.2,98,+7.4%,98,-4.1%,95,+6.5,99,+6.4,26,-8.1
Earl Barron,33.2,PHX,Big,117,3,-12.2,11,-7.0,21,-2.6%,1,+5.6%,33,-1.8,33,-1.3,34,-4.7
Will Barton,23.8,POR,Wing,246,14,-6.5,8,-8.3,59,+0.7%,89,-2.4%,50,-0.3,52,-0.2,52,+0.9
Will Barton,23.8,DEN,Wing,630,31,-3.2,47,-1.0,56,+0.3%,76,-1.4%,64,+0.9,60,+0.4,60,+2.8
Brandon Bass,29.5,BOS,Big,1917,37,-2.2,44,-1.3,20,-3.0%,42,+0.7%,26,-2.4,48,-0.4,18,-11.4
Nicolas Batum,25.9,POR,Wing,2376,74,+2.4,63,+0.9,75,+2.1%,76,-1.4%,73,+1.9,74,+1.5,50,-0.1
Jerryd Bayless,26.2,MIL,Combo,1692,42,-1.5,58,+0.2,36,-1.1%,19,+1.9%,23,-2.7,23,-2.0,40,-3.1
Aron Baynes,27.9,SAS,Big,1077,39,-1.9,49,-0.9,54,+0.2%,70,-0.9%,25,-2.5,50,-0.3,8,-17.1
Kent Bazemore,25.3,ATL,Wing,1235,11,-7.5,10,-7.2,56,+0.3%,67,-0.8%,47,-0.6,60,+0.4,28,-7.5
Bradley Beal,21.3,WAS,Wing,2097,92,+6.2,95,+7.7,25,-2.2%,75,-1.3%,76,+2.3,54,+0.0,89,+16.1
Michael Beasley,25.8,MIA,Big,495,14,-6.8,42,-1.4,0,-10.5%,30,+1.3%,1,-10.1,1,-7.6,30,-6.6
Marco Belinelli,28.6,SAS,Combo,1336,42,-1.6,55,-0.3,33,-1.4%,35,+1.0%,58,+0.5,51,-0.2,69,+5.7
Anthony Bennett,21.6,MIN,Big,839,30,-3.4,17,-5.4,46,-0.4%,11,+2.7%,83,+3.2,42,-0.7,95,+21.3
Patrick Beverley,26.3,HOU,Point,1717,51,-0.3,54,-0.3,33,-1.4%,14,+2.4%,41,-1.1,62,+0.5,20,-10.4
Bismack Biyombo,22.2,CHA,Big,1173,62,+1.0,36,-2.2,96,+6.3%,81,-1.7%,72,+1.8,87,+2.7,26,-8.3
Tarik Black,22.9,HOU,Big,362,28,-3.7,12,-6.7,80,+2.7%,66,-0.7%,39,-1.4,89,+3.1,3,-27.1
Tarik Black,22.9,LAL,Big,785,88,+5.0,82,+3.6,83,+3.0%,69,-0.9%,70,+1.6,80,+2.0,33,-5.0
DeJuan Blair,25.5,WAS,Big,100,12,-7.4,20,-4.4,97,+7.0%,43,+0.6%,18,-3.6,91,+3.7,0,-41.1
Steve Blake,34.7,POR,Point,1488,50,-0.4,48,-0.9,24,-2.2%,31,+1.2%,45,-0.8,33,-1.3,65,+4.0
Eric Bledsoe,24.9,PHX,Point,2795,71,+1.9,66,+1.2,18,-3.1%,93,-2.9%,40,-1.2,41,-0.7,43,-2.2
Bojan Bogdanovic,25.5,BKN,Forward,1795,70,+1.9,49,-0.8,71,+1.7%,67,-0.8%,80,+2.8,64,+0.7,83,+12.5
Andrew Bogut,29.9,GSW,Big,1577,68,+1.7,75,+2.6,22,-2.5%,62,-0.6%,36,-1.5,36,-1.1,43,-2.4
Matt Bonner,34.6,SAS,Big,846,43,-1.4,52,-0.6,37,-1.0%,19,+2.0%,65,+1.1,31,-1.3,95,+20.4
Trevor Booker,26.9,UTA,Big,1546,68,+1.7,57,-0.0,89,+4.3%,44,+0.5%,43,-1.0,37,-1.0,57,+2.2
Carlos Boozer,32.9,LAL,Big,1673,60,+0.8,68,+1.6,52,+0.1%,55,-0.2%,59,+0.6,52,-0.1,67,+4.6
Chris Bosh,30.6,MIA,Big,1542,51,-0.4,81,+3.4,15,-3.5%,29,+1.3%,40,-1.2,53,-0.0,26,-8.5
Avery Bradley,23.9,BOS,Combo,2419,23,-4.7,41,-1.5,8,-4.3%,54,-0.1%,8,-5.7,24,-1.9,7,-19.9
Elton Brand,35.6,ATL,Big,415,40,-1.8,53,-0.5,53,+0.2%,39,+0.8%,13,-4.2,54,+0.1,2,-34.5
Corey Brewer,28.7,MIN,Combo,672,35,-2.5,22,-4.2,88,+3.7%,84,-1.9%,87,+4.1,85,+2.6,68,+5.2
Corey Brewer,28.7,HOU,Wing,1358,61,+0.8,69,+1.7,50,-0.0%,88,-2.3%,55,+0.2,44,-0.6,70,+5.8
Aaron Brooks,29.8,CHI,Point,1845,83,+3.9,91,+5.5,60,+0.8%,27,+1.4%,39,-1.3,57,+0.2,27,-8.0
Jabari Brown,21.9,LAL,Wing,549,58,+0.2,66,+1.4,78,+2.4%,18,+2.0%,20,-3.0,72,+1.3,4,-23.6
Lorenzo Brown,24.2,MIN,Point,530,80,+3.4,89,+4.9,13,-3.8%,79,-1.5%,27,-2.4,11,-3.2,74,+7.6
Markel Brown,22.8,BKN,Wing,670,90,+5.5,72,+2.2,87,+3.7%,90,-2.5%,91,+5.0,90,+3.3,75,+8.0
Kobe Bryant,36.2,LAL,Wing,1203,59,+0.4,70,+1.9,53,+0.2%,34,+1.0%,18,-3.5,35,-1.2,15,-12.6
Chase Budinger,26.4,MIN,Wing,1212,33,-2.9,70,+1.8,3,-6.4%,23,+1.6%,19,-3.5,5,-4.9,83,+12.4
Reggie Bullock,23.6,LAC,Wing,199,4,-11.4,3,-11.5,7,-4.8%,12,+2.7%,2,-7.8,2,-6.3,40,-3.0
Trey Burke,22.0,UTA,Point,2268,70,+1.9,62,+0.7,37,-1.0%,60,-0.5%,65,+1.1,65,+0.8,52,+0.8
Alec Burks,23.3,UTA,Wing,894,62,+0.9,70,+1.9,25,-2.2%,35,+1.0%,44,-0.9,39,-0.9,55,+1.8
Caron Butler,34.6,DET,Wing,1592,56,+0.0,90,+5.2,17,-3.1%,3,+4.1%,16,-3.8,13,-3.1,46,-1.1
Jimmy Butler,25.1,CHI,Wing,2507,84,+4.0,59,+0.3,85,+3.4%,80,-1.6%,83,+3.2,81,+2.2,64,+4.0
Rasual Butler,35.4,WAS,Wing,1423,44,-1.4,39,-1.8,86,+3.6%,18,+2.0%,68,+1.4,77,+1.8,37,-4.1
Dwight Buycks,25.7,LAL,Point,101,73,+2.3,88,+4.9,41,-0.8%,10,+2.8%,92,+5.4,95,+4.5,31,-6.3
Nick Calathes,25.7,MEM,Combo,770,17,-5.5,4,-10.5,93,+5.0%,98,-4.0%,81,+2.9,86,+2.7,49,-0.3
Jose Calderon,33.1,NYK,Combo,1265,47,-0.8,50,-0.7,30,-1.8%,72,-1.0%,59,+0.6,47,-0.4,73,+6.7
Kentavious Caldwell-Pope,21.7,DET,Wing,2572,95,+7.7,88,+4.7,81,+2.7%,94,-3.3%,87,+4.1,86,+2.7,69,+5.6
Isaiah Canaan,23.4,HOU,Combo,308,23,-4.6,55,-0.3,70,+1.6%,13,+2.5%,34,-1.8,14,-2.9,80,+9.8
Isaiah Canaan,23.4,PHI,Combo,563,56,+0.0,65,+1.1,5,-5.4%,39,+0.8%,17,-3.7,18,-2.5,32,-5.4
DeMarre Carroll,28.3,ATL,Wing,2178,66,+1.5,61,+0.6,37,-1.0%,75,-1.3%,66,+1.1,63,+0.6,57,+2.2
Vince Carter,37.8,MEM,Wing,1065,28,-3.7,42,-1.4,31,-1.7%,16,+2.3%,16,-3.9,32,-1.3,11,-15.6
Michael Carter-Williams,23.1,PHI,Point,1374,15,-6.0,15,-5.7,13,-3.6%,49,+0.1%,73,+1.9,45,-0.6,87,+14.9
Michael Carter-Williams,23.1,MIL,Point,756,99,+16.0,100,+14.1,59,+0.7%,43,+0.6%,82,+3.1,55,+0.1,89,+16.0
Omri Casspi,26.4,SAC,Forward,1364,43,-1.4,49,-0.8,64,+1.1%,66,-0.8%,37,-1.5,39,-0.9,45,-1.4
Mario Chalmers,28.5,MIA,Combo,2339,29,-3.6,39,-1.8,57,+0.6%,30,+1.3%,41,-1.1,44,-0.6,39,-3.1
Tyson Chandler,32.1,DAL,Big,2280,56,+0.1,69,+1.6,62,+0.9%,70,-0.9%,54,+0.1,78,+1.9,12,-14.4
Wilson Chandler,27.5,DEN,Forward,2461,69,+1.8,76,+2.8,51,+0.0%,22,+1.7%,47,-0.4,67,+0.9,24,-8.9
Ian Clark,23.7,UTA,Combo,124,17,-5.7,4,-10.4,42,-0.8%,84,-2.0%,98,+8.0,38,-0.9,100,+52.3
Jordan Clarkson,22.4,LAL,Combo,1401,36,-2.3,36,-2.2,40,-0.8%,46,+0.4%,50,-0.2,49,-0.3,52,+0.7
Norris Cole,26.1,MIA,Point,1131,66,+1.6,82,+3.6,19,-3.0%,20,+1.8%,6,-6.2,4,-5.5,60,+2.7
Norris Cole,26.1,NOP,Point,658,12,-7.3,22,-4.2,3,-6.3%,18,+2.0%,10,-5.1,5,-4.7,51,+0.1
Darren Collison,27.2,SAC,Point,1559,90,+5.5,95,+7.3,33,-1.4%,47,+0.3%,41,-1.2,32,-1.3,59,+2.7
Nick Collison,34.0,OKC,Big,1067,38,-2.1,54,-0.3,18,-3.1%,6,+3.5%,15,-3.9,17,-2.7,36,-4.2
Mike Conley,27.1,MEM,Point,2215,88,+5.1,88,+4.6,38,-0.9%,38,+0.8%,54,+0.2,47,-0.5,65,+4.1
Chris Copeland,30.6,IND,Forward,784,42,-1.5,38,-1.9,71,+1.7%,41,+0.7%,74,+1.9,66,+0.8,72,+6.5
Bryce Cotton,22.2,UTA,Combo,129,49,-0.6,15,-5.8,91,+4.6%,98,-4.1%,62,+0.8,72,+1.3,48,-0.5
DeMarcus Cousins,24.2,SAC,Big,2006,75,+2.7,71,+2.0,39,-0.9%,83,-1.9%,80,+2.8,82,+2.4,49,-0.2
Robert Covington,23.9,PHI,Wing,1939,94,+6.9,86,+4.4,79,+2.5%,83,-1.9%,81,+2.9,84,+2.5,53,+1.1
Allen Crabbe,22.6,POR,Wing,610,11,-7.6,22,-4.2,20,-2.8%,36,+1.0%,29,-2.2,35,-1.2,34,-4.7
Jamal Crawford,34.6,LAC,Wing,1641,20,-5.1,21,-4.4,11,-3.9%,12,+2.6%,31,-2.0,10,-3.3,84,+12.5
Jae Crowder,24.3,DAL,Forward,205,20,-5.2,10,-7.2,97,+6.6%,61,-0.5%,74,+2.0,34,-1.2,96,+23.1
Jae Crowder,24.3,BOS,Forward,1362,94,+6.8,78,+3.0,92,+4.8%,83,-1.9%,99,+9.5,96,+4.9,96,+24.0
Dante Cunningham,27.5,NOP,Forward,1614,40,-1.9,39,-1.7,43,-0.7%,61,-0.5%,60,+0.6,49,-0.4,69,+5.7
Stephen Curry,26.6,GSW,Point,2606,99,+12.7,99,+11.0,61,+0.8%,99,-4.5%,83,+3.2,84,+2.5,57,+2.1
Samuel Dalembert,34.5,NYK,Big,538,5,-10.0,12,-6.6,47,-0.4%,72,-1.0%,10,-4.9,50,-0.3,3,-26.4
Troy Daniels,23.3,MIN,Combo,118,14,-6.6,2,-12.7,97,+7.0%,99,-5.6%,59,+0.5,65,+0.8,38,-4.0
Troy Daniels,23.3,CHA,Wing,101,15,-6.1,27,-3.3,42,-0.8%,43,+0.6%,60,+0.7,67,+0.9,44,-1.7
Gigi Datome,26.9,BOS,Forward,169,44,-1.3,47,-1.0,65,+1.2%,31,+1.2%,7,-6.0,2,-6.2,59,+2.5
Brandon Davies,23.3,PHI,Big,368,90,+5.8,92,+5.8,89,+4.1%,56,-0.3%,81,+3.0,27,-1.6,98,+27.8
Anthony Davis,21.6,NOP,Big,2450,95,+7.7,93,+6.2,42,-0.7%,90,-2.5%,84,+3.3,83,+2.4,61,+3.1
Ed Davis,25.4,LAL,Big,1770,60,+0.6,37,-2.1,81,+2.8%,58,-0.4%,82,+3.1,82,+2.3,55,+1.8
Glen Davis,28.8,LAC,Big,781,0,-20.9,1,-15.3,1,-8.4%,4,+4.1%,3,-7.3,3,-5.8,41,-2.8
Austin Daye,26.4,SAS,Forward,241,3,-12.9,2,-13.5,39,-0.9%,59,-0.4%,57,+0.3,61,+0.5,50,+0.0
DeMar DeRozan,25.2,TOR,Wing,2094,27,-3.9,33,-2.6,12,-3.8%,20,+1.8%,22,-2.8,21,-2.1,47,-1.0
Dewayne Dedmon,25.2,ORL,Big,796,45,-1.2,28,-3.1,97,+6.7%,94,-3.1%,80,+2.8,97,+5.5,8,-18.2
Matthew Dellavedova,24.1,CLE,Combo,1259,28,-3.8,20,-4.5,86,+3.6%,15,+2.4%,30,-2.1,47,-0.5,21,-9.6
Luol Deng,29.5,MIA,Forward,2413,97,+9.4,95,+7.6,88,+3.9%,75,-1.3%,89,+4.3,86,+2.7,77,+9.2
Boris Diaw,32.5,SAS,Big,1932,57,+0.1,45,-1.3,72,+1.9%,40,+0.7%,56,+0.3,50,-0.3,66,+4.4
Gorgui Dieng,24.8,MIN,Big,2155,52,-0.3,60,+0.5,64,+1.1%,49,+0.2%,32,-1.9,40,-0.8,34,-4.8
Spencer Dinwiddie,21.6,DET,Combo,430,9,-8.4,7,-8.3,63,+1.0%,35,+1.0%,20,-3.2,21,-2.2,41,-2.8
Joey Dorsey,30.9,HOU,Big,762,57,+0.1,24,-4.0,93,+5.1%,79,-1.5%,87,+4.1,87,+2.8,72,+6.5
Toney Douglas,28.6,NOP,Combo,140,67,+1.7,81,+3.6,4,-5.8%,12,+2.7%,6,-6.2,0,-9.3,98,+28.6
Goran Dragic,28.5,PHX,Wing,1730,45,-1.1,26,-3.6,27,-2.0%,91,-2.5%,51,-0.1,63,+0.6,32,-5.8
Goran Dragic,28.5,MIA,Point,902,68,+1.7,48,-1.0,62,+0.8%,52,+0.0%,91,+5.1,91,+3.5,67,+4.9
Larry Drew,24.7,PHI,Point,198,11,-7.5,26,-3.5,61,+0.8%,19,+1.9%,4,-6.7,29,-1.5,2,-30.3
Andre Drummond,21.2,DET,Big,2487,78,+3.1,52,-0.5,77,+2.2%,95,-3.3%,94,+5.8,98,+5.9,29,-6.7
Jared Dudley,29.3,MIL,Forward,1688,52,-0.3,81,+3.6,31,-1.6%,38,+0.9%,21,-2.9,25,-1.8,32,-5.5
Tim Duncan,38.5,SAS,Big,2221,46,-1.0,64,+0.9,26,-2.0%,55,-0.2%,28,-2.4,36,-1.1,25,-8.9
Mike Dunleavy,34.1,CHI,Wing,1834,68,+1.7,72,+2.3,16,-3.2%,56,-0.2%,33,-1.8,22,-2.0,58,+2.4
Kevin Durant,26.1,OKC,Forward,908,79,+3.3,87,+4.6,56,+0.3%,81,-1.6%,7,-6.0,15,-2.8,10,-16.2
Cleanthony Early,23.5,NYK,Wing,579,8,-8.7,18,-5.0,11,-4.0%,28,+1.4%,3,-7.3,3,-5.6,17,-11.6
Wayne Ellington,26.9,LAL,Wing,1624,42,-1.6,40,-1.6,43,-0.7%,65,-0.6%,74,+2.1,57,+0.2,81,+11.0
Monta Ellis,29.0,DAL,Wing,2694,71,+2.0,76,+2.8,20,-2.8%,77,-1.4%,29,-2.2,27,-1.7,48,-0.6
James Ennis,24.3,MIA,Forward,996,53,-0.2,57,-0.1,73,+1.9%,58,-0.4%,45,-0.9,71,+1.2,10,-15.9
Tyler Ennis,20.2,MIL,Point,336,24,-4.5,32,-2.6,30,-1.8%,59,-0.5%,58,+0.5,69,+1.1,42,-2.5
Jeremy Evans,27.0,UTA,Big,224,74,+2.5,34,-2.5,79,+2.5%,55,-0.2%,79,+2.7,27,-1.6,96,+25.9
Reggie Evans,34.5,SAC,Big,760,59,+0.5,38,-1.9,99,+9.1%,19,+1.9%,60,+0.7,96,+4.8,5,-22.7
Tyreke Evans,25.1,NOP,Wing,2685,95,+7.5,71,+2.0,93,+5.3%,99,-4.5%,90,+4.8,97,+5.6,22,-9.5
Dante Exum,19.3,UTA,Combo,1771,44,-1.3,54,-0.3,68,+1.6%,31,+1.2%,66,+1.2,65,+0.8,53,+0.9
Festus Ezeli,25.0,GSW,Big,431,18,-5.4,16,-5.5,93,+5.2%,45,+0.4%,97,+7.6,95,+4.6,81,+10.6
Kenneth Faried,25.0,DEN,Big,2069,96,+8.3,74,+2.6,94,+5.4%,62,-0.5%,98,+8.4,95,+4.6,93,+19.2
Jordan Farmar,27.9,LAC,Point,444,0,-17.1,3,-12.1,6,-5.2%,2,+4.8%,5,-6.4,5,-4.6,27,-7.9
Derrick Favors,23.3,UTA,Big,2273,82,+3.7,96,+8.3,18,-3.1%,37,+0.9%,5,-6.4,35,-1.2,3,-25.5
Raymond Felton,30.3,DAL,Combo,202,2,-13.1,5,-9.4,38,-0.9%,82,-1.8%,7,-5.9,56,+0.2,1,-40.6
Landry Fields,26.3,TOR,Wing,178,1,-16.0,2,-14.0,3,-6.2%,9,+2.9%,9,-5.3,5,-4.6,63,+3.6
Evan Fournier,22.0,ORL,Wing,1650,79,+3.3,87,+4.6,45,-0.5%,24,+1.6%,42,-1.0,26,-1.7,70,+5.9
Randy Foye,31.1,DEN,Combo,1055,53,-0.2,66,+1.3,28,-1.9%,48,+0.2%,23,-2.7,37,-1.0,27,-8.1
Tim Frazier,24.0,PHI,Point,165,94,+7.4,95,+7.2,6,-5.3%,92,-2.8%,95,+6.3,81,+2.2,97,+26.7
Jimmer Fredette,25.7,NOP,Combo,425,77,+3.1,45,-1.1,83,+2.9%,74,-1.2%,96,+6.7,93,+4.2,78,+9.5
Joel Freeland,27.7,POR,Big,572,34,-2.7,33,-2.5,45,-0.6%,40,+0.8%,76,+2.3,42,-0.7,94,+19.6
Channing Frye,31.5,ORL,Big,1856,48,-0.7,75,+2.6,26,-2.1%,26,+1.5%,49,-0.3,56,+0.2,39,-3.2
Danilo Gallinari,26.2,DEN,Forward,1375,83,+3.8,92,+6.1,22,-2.6%,27,+1.4%,46,-0.7,14,-2.9,87,+14.3
Langston Galloway,22.9,NYK,Combo,1400,71,+1.9,78,+3.1,23,-2.3%,77,-1.5%,52,+0.1,64,+0.7,35,-4.7
Francisco Garcia,32.8,HOU,Wing,195,18,-5.5,40,-1.6,23,-2.4%,1,+5.3%,43,-0.9,4,-5.2,99,+33.5
Kevin Garnett,38.5,BKN,Big,853,69,+1.8,85,+4.2,7,-5.1%,32,+1.1%,42,-1.1,18,-2.5,81,+10.8
Marc Gasol,29.8,MEM,Big,2677,92,+6.3,97,+8.6,12,-3.8%,19,+1.9%,23,-2.7,19,-2.4,47,-1.0
Pau Gasol,34.3,CHI,Big,2673,63,+1.0,69,+1.8,20,-2.9%,74,-1.3%,16,-3.8,40,-0.8,10,-16.0
Rudy Gay,28.2,SAC,Wing,2402,93,+6.4,90,+5.4,62,+0.9%,68,-0.8%,93,+5.6,75,+1.7,93,+19.2
Alonzo Gee,27.4,DEN,Wing,426,39,-1.9,38,-2.1,17,-3.1%,86,-2.1%,18,-3.5,32,-1.3,17,-11.8
Alonzo Gee,27.4,POR,Forward,129,6,-9.6,21,-4.3,2,-7.0%,42,+0.7%,14,-4.1,4,-5.2,95,+20.6
Taj Gibson,29.4,CHI,Big,1659,45,-1.2,31,-2.8,90,+4.4%,55,-0.2%,94,+6.0,94,+4.3,69,+5.6
Manu Ginobili,37.3,SAS,Wing,1575,55,-0.0,59,+0.4,50,-0.0%,59,-0.4%,78,+2.6,66,+0.9,83,+12.3
Rudy Gobert,22.3,UTA,Big,2123,13,-6.9,9,-8.0,57,+0.5%,66,-0.7%,83,+3.2,69,+1.0,78,+9.3
Drew Gooden,33.1,WAS,Big,828,66,+1.5,54,-0.3,87,+3.6%,43,+0.6%,52,-0.0,76,+1.7,18,-11.5
Archie Goodwin,20.2,PHX,Combo,451,3,-11.8,0,-15.5,96,+6.4%,27,+1.4%,97,+7.5,99,+7.3,34,-4.7
Aaron Gordon,19.1,ORL,Forward,780,50,-0.4,21,-4.3,75,+2.1%,89,-2.4%,85,+3.4,85,+2.7,56,+1.9
Ben Gordon,31.6,ORL,Wing,764,32,-3.0,37,-2.1,24,-2.3%,8,+3.1%,52,+0.0,29,-1.5,80,+9.9
Eric Gordon,25.9,NOP,Combo,2014,58,+0.4,65,+1.1,35,-1.2%,73,-1.2%,55,+0.2,70,+1.2,32,-5.6
Marcin Gortat,30.7,WAS,Big,2445,85,+4.1,77,+2.9,9,-4.2%,96,-3.5%,28,-2.2,25,-1.8,44,-1.5
Danny Granger,31.5,MIA,Wing,595,31,-3.3,36,-2.2,77,+2.2%,13,+2.5%,74,+2.0,46,-0.5,94,+19.7
Jerami Grant,20.6,PHI,Forward,1303,80,+3.4,73,+2.4,79,+2.5%,67,-0.8%,86,+3.9,71,+1.2,87,+14.6
Danny Green,27.4,SAS,Wing,2284,83,+4.0,86,+4.4,49,-0.1%,64,-0.6%,36,-1.6,44,-0.6,28,-7.2
Draymond Green,24.7,GSW,Big,2475,91,+6.0,93,+6.5,21,-2.7%,97,-3.8%,51,-0.2,39,-0.9,67,+4.9
Erick Green,23.5,DEN,Combo,301,22,-4.8,6,-9.0,89,+4.0%,93,-2.8%,98,+8.0,98,+5.6,71,+6.4
Gerald Green,28.8,PHX,Wing,1423,88,+5.1,94,+6.7,60,+0.7%,25,+1.6%,78,+2.6,46,-0.5,94,+19.6
JaMychal Green,24.4,MEM,Big,116,44,-1.4,2,-14.0,97,+7.1%,96,-3.8%,100,+23.5,100,+11.4,100,+42.7
Jeff Green,28.2,BOS,Forward,1085,14,-6.7,30,-3.0,17,-3.1%,26,+1.5%,2,-8.0,11,-3.3,6,-21.0
Jeff Green,28.2,MEM,Forward,1341,65,+1.3,97,+9.3,3,-6.5%,7,+3.2%,1,-9.6,7,-3.8,2,-32.3
Willie Green,33.3,ORL,Wing,898,14,-6.5,19,-4.6,49,-0.2%,56,-0.2%,45,-0.8,46,-0.5,47,-1.0
Blake Griffin,25.6,LAC,Big,2347,99,+13.6,98,+9.7,87,+3.7%,89,-2.4%,77,+2.4,78,+1.9,51,+0.4
Jorge Gutierrez,25.8,MIL,Combo,124,10,-7.8,6,-9.2,67,+1.4%,3,+4.2%,14,-4.2,4,-5.2,84,+13.0
PJ Hairston,21.9,CHA,Wing,603,52,-0.2,48,-0.9,88,+3.8%,76,-1.3%,75,+2.1,88,+2.9,29,-6.7
Justin Hamilton,24.6,MIA,Big,266,10,-7.7,6,-9.2,16,-3.2%,65,-0.6%,7,-5.9,14,-2.9,6,-21.5
Justin Hamilton,24.6,MIN,Big,414,16,-5.8,39,-1.8,9,-4.3%,37,+0.9%,4,-6.7,11,-3.2,4,-24.9
Tyler Hansbrough,29.0,TOR,Big,1040,92,+6.1,91,+5.7,54,+0.2%,24,+1.6%,50,-0.2,55,+0.1,42,-2.6
Tim Hardaway Jr.,22.6,NYK,Wing,1631,48,-0.7,47,-1.0,63,+1.0%,60,-0.5%,57,+0.4,56,+0.2,55,+1.6
James Harden,25.2,HOU,Wing,2976,99,+14.3,99,+13.2,66,+1.3%,69,-0.9%,69,+1.5,67,+0.9,58,+2.4
Maurice Harkless,21.5,ORL,Forward,610,30,-3.3,23,-4.0,73,+1.9%,89,-2.4%,64,+1.0,85,+2.6,19,-10.7
Devin Harris,31.7,DAL,Combo,1666,65,+1.4,56,-0.2,69,+1.6%,57,-0.3%,58,+0.5,53,-0.0,62,+3.2
Gary Harris,20.1,DEN,Wing,572,8,-8.6,13,-6.2,18,-3.0%,66,-0.8%,50,-0.3,41,-0.8,62,+3.5
Joe Harris,23.2,CLE,Wing,388,11,-7.4,34,-2.3,10,-4.1%,16,+2.1%,4,-6.5,48,-0.4,1,-34.6
Tobias Harris,22.3,ORL,Forward,2364,70,+1.9,69,+1.7,51,+0.0%,39,+0.8%,25,-2.5,27,-1.7,42,-2.7
Udonis Haslem,34.4,MIA,Big,973,24,-4.5,17,-5.4,91,+4.6%,59,-0.4%,81,+2.9,77,+1.8,66,+4.6
Spencer Hawes,26.5,LAC,Big,1183,4,-11.6,23,-4.0,1,-8.3%,2,+4.9%,3,-7.3,3,-5.6,37,-4.1
Chuck Hayes,31.4,TOR,Big,243,93,+6.4,91,+5.5,24,-2.2%,37,+0.9%,22,-2.8,13,-3.0,73,+7.2
Gordon Hayward,24.6,UTA,Wing,2606,93,+6.4,92,+6.2,43,-0.7%,53,-0.1%,26,-2.5,47,-0.4,21,-10.0
Gerald Henderson,26.9,CHA,Wing,2277,73,+2.2,75,+2.7,12,-3.8%,61,-0.5%,59,+0.5,41,-0.8,80,+10.2
John Henson,23.8,MIL,Big,1204,12,-7.1,12,-6.7,68,+1.5%,67,-0.8%,32,-1.8,52,-0.1,21,-9.7
Roy Hibbert,27.9,IND,Big,1923,40,-1.8,51,-0.6,27,-2.0%,9,+2.9%,23,-2.7,20,-2.4,50,-0.1
JJ Hickson,26.2,DEN,Big,1344,26,-4.3,29,-3.0,41,-0.8%,59,-0.4%,17,-3.7,60,+0.4,5,-22.0
Nene Hilario,32.1,WAS,Big,1679,67,+1.6,80,+3.3,26,-2.1%,68,-0.8%,53,+0.1,21,-2.2,92,+18.3
George Hill,28.5,IND,Point,1261,96,+8.3,98,+9.5,10,-4.1%,29,+1.3%,16,-3.8,16,-2.7,36,-4.3
Jordan Hill,27.3,LAL,Big,1869,28,-3.7,26,-3.6,40,-0.8%,48,+0.2%,32,-1.9,55,+0.1,17,-11.6
Solomon Hill,23.6,IND,Wing,2333,31,-3.3,35,-2.3,64,+1.2%,8,+3.1%,61,+0.7,51,-0.2,72,+6.6
Kirk Hinrich,33.8,CHI,Combo,1603,34,-2.7,19,-4.8,70,+1.7%,63,-0.6%,88,+4.3,79,+1.9,81,+10.7
Jrue Holiday,24.4,NOP,Point,1300,82,+3.8,82,+3.6,28,-1.9%,86,-2.1%,72,+1.7,42,-0.7,86,+14.2
Justin Holiday,25.6,GSW,Wing,525,12,-7.1,12,-6.9,57,+0.3%,17,+2.0%,65,+1.1,28,-1.6,91,+16.9
Ryan Hollins,30.1,SAC,Big,377,13,-6.8,38,-1.9,8,-4.4%,27,+1.4%,12,-4.5,2,-6.1,91,+17.4
Rodney Hood,22.0,UTA,Wing,1048,49,-0.5,80,+3.3,40,-0.8%,20,+1.8%,27,-2.4,36,-1.0,30,-6.6
Al Horford,28.4,ATL,Big,2307,62,+0.9,79,+3.3,17,-3.2%,75,-1.3%,56,+0.3,38,-0.9,83,+11.8
Dwight Howard,28.9,HOU,Big,1221,61,+0.8,50,-0.8,79,+2.6%,43,+0.6%,97,+7.0,92,+3.8,89,+15.9
Robbie Hummel,25.7,MIN,Forward,682,73,+2.4,50,-0.8,62,+0.9%,35,+1.0%,82,+3.1,34,-1.2,97,+26.1
Kris Humphries,29.7,WAS,Big,1308,34,-2.7,29,-3.1,46,-0.4%,22,+1.7%,49,-0.3,43,-0.7,54,+1.5
Serge Ibaka,25.1,OKC,Big,2109,58,+0.2,69,+1.7,35,-1.2%,39,+0.8%,28,-2.3,32,-1.3,35,-4.6
Andre Iguodala,30.8,GSW,Wing,2016,41,-1.7,24,-4.0,69,+1.6%,33,+1.1%,53,+0.1,49,-0.4,59,+2.5
Ersan Ilyasova,27.5,MIL,Big,1302,81,+3.4,79,+3.2,86,+3.6%,50,+0.1%,88,+4.3,92,+3.9,51,+0.2
Joe Ingles,27.1,UTA,Wing,1640,23,-4.6,21,-4.3,29,-1.8%,52,+0.0%,33,-1.8,19,-2.4,72,+6.7
Kyrie Irving,22.6,CLE,Point,2716,96,+8.2,97,+9.3,19,-3.0%,88,-2.3%,77,+2.4,68,+1.0,75,+8.3
Jarrett Jack,31.0,BKN,Combo,2205,10,-7.8,14,-6.0,35,-1.2%,22,+1.7%,12,-4.5,16,-2.7,22,-9.5
Reggie Jackson,24.5,OKC,Combo,1372,59,+0.6,62,+0.8,32,-1.5%,11,+2.7%,47,-0.5,22,-2.0,75,+8.3
Reggie Jackson,24.5,DET,Point,869,98,+11.8,95,+7.7,97,+6.8%,95,-3.4%,99,+11.0,99,+6.8,89,+16.1
Bernard James,29.7,DAL,Big,119,25,-4.3,10,-7.4,98,+7.4%,62,-0.5%,56,+0.3,74,+1.5,19,-11.1
LeBron James,29.8,CLE,Wing,2480,98,+12.5,98,+10.7,47,-0.3%,89,-2.4%,62,+0.7,51,-0.2,70,+5.8
Al Jefferson,29.8,CHA,Big,1963,54,-0.2,74,+2.5,1,-8.3%,23,+1.7%,21,-3.0,12,-3.1,58,+2.4
Cory Jefferson,23.8,BKN,Big,412,83,+3.8,44,-1.3,99,+7.9%,93,-2.9%,88,+4.3,92,+4.0,49,-0.3
Richard Jefferson,34.4,DAL,Forward,1162,32,-3.0,48,-0.9,47,-0.4%,13,+2.5%,19,-3.3,18,-2.4,40,-2.9
John Jenkins,23.7,ATL,Wing,230,1,-15.2,1,-14.4,5,-5.6%,87,-2.2%,4,-6.7,31,-1.3,0,-42.8
Brandon Jennings,25.1,DET,Point,1170,72,+2.2,65,+1.1,48,-0.3%,94,-3.2%,68,+1.3,81,+2.1,31,-6.2
Jonas Jerebko,27.7,DET,Big,671,88,+5.1,96,+7.9,72,+1.8%,5,+3.8%,39,-1.4,43,-0.7,41,-2.8
Jonas Jerebko,27.7,BOS,Forward,509,74,+2.5,50,-0.8,95,+5.7%,53,-0.0%,73,+1.8,18,-2.5,98,+29.3
Amir Johnson,27.5,TOR,Big,1970,27,-3.9,28,-3.2,48,-0.3%,61,-0.5%,81,+3.0,61,+0.5,87,+14.3
Chris Johnson,24.5,PHI,Wing,174,98,+10.9,84,+4.1,40,-0.8%,97,-3.9%,37,-1.5,74,+1.5,7,-19.4
Chris Johnson,24.5,UTA,Wing,189,94,+6.7,21,-4.3,88,+3.9%,99,-5.6%,100,+13.3,98,+5.8,97,+26.8
Chris Johnson,24.5,MIL,Wing,124,1,-16.4,5,-9.6,5,-5.4%,61,-0.5%,4,-7.0,4,-5.2,26,-8.2
James Johnson,27.7,TOR,Forward,1343,65,+1.2,44,-1.3,75,+2.1%,82,-1.7%,75,+2.2,81,+2.2,38,-3.7
Joe Johnson,33.3,BKN,Wing,2779,89,+5.1,93,+6.5,17,-3.1%,25,+1.6%,26,-2.5,16,-2.7,58,+2.4
Nick Johnson,21.9,HOU,Wing,206,10,-7.8,15,-5.7,84,+3.1%,78,-1.5%,66,+1.1,77,+1.8,42,-2.7
Tyler Johnson,22.5,MIA,Combo,583,18,-5.4,19,-4.8,5,-5.5%,94,-3.1%,21,-3.0,12,-3.1,66,+4.3
Wesley Johnson,27.3,LAL,Wing,2224,81,+3.5,87,+4.5,48,-0.3%,64,-0.6%,47,-0.5,69,+1.0,20,-10.5
James Jones,34.1,CLE,Forward,548,25,-4.4,37,-2.1,21,-2.7%,8,+3.1%,40,-1.2,12,-3.1,85,+13.3
Perry Jones,23.1,OKC,Forward,542,12,-7.3,30,-2.9,34,-1.3%,13,+2.5%,63,+0.8,59,+0.4,61,+3.1
Terrence Jones,22.8,HOU,Big,887,58,+0.4,72,+2.2,15,-3.5%,65,-0.7%,27,-2.4,35,-1.1,28,-7.3
DeAndre Jordan,26.3,LAC,Big,2808,100,+16.2,94,+6.9,100,+11.7%,100,-7.0%,99,+11.8,100,+9.4,70,+6.2
Jerome Jordan,28.1,BKN,Big,290,8,-8.5,3,-12.0,92,+4.8%,50,+0.1%,77,+2.3,83,+2.5,51,+0.3
Cory Joseph,23.2,SAS,Combo,1361,45,-1.2,25,-3.7,80,+2.7%,60,-0.5%,91,+5.0,90,+3.3,82,+11.4
Chris Kaman,32.5,POR,Big,1387,29,-3.5,34,-2.5,31,-1.7%,21,+1.7%,44,-0.9,45,-0.6,44,-1.4
Enes Kanter,22.5,UTA,Big,1302,73,+2.4,81,+3.5,22,-2.5%,41,+0.7%,69,+1.5,68,+1.0,51,+0.2
Enes Kanter,22.5,OKC,Big,808,74,+2.5,49,-0.8,99,+7.8%,95,-3.4%,97,+7.7,99,+7.1,29,-7.0
Sergey Karasev,21.0,BKN,Wing,494,64,+1.2,71,+2.0,72,+1.8%,37,+0.9%,15,-4.0,19,-2.4,22,-9.6
Ryan Kelly,23.6,LAL,Forward,1196,48,-0.7,49,-0.9,44,-0.6%,27,+1.5%,25,-2.5,20,-2.3,54,+1.5
Michael Kidd-Gilchrist,21.1,CHA,Wing,1565,78,+3.2,60,+0.4,83,+3.0%,87,-2.2%,62,+0.7,70,+1.1,38,-3.9
Brandon Knight,22.9,MIL,Point,1683,18,-5.5,5,-9.4,80,+2.7%,95,-3.3%,94,+6.0,95,+4.4,74,+7.8
Brandon Knight,22.9,PHX,Combo,347,72,+2.1,56,-0.1,36,-1.2%,68,-0.8%,10,-5.2,22,-2.1,10,-16.6
Kyle Korver,33.6,ATL,Wing,2410,98,+11.0,100,+13.2,16,-3.3%,32,+1.2%,48,-0.4,25,-1.8,85,+13.4
Kosta Koufos,25.7,MEM,Big,1294,20,-5.1,14,-5.9,77,+2.2%,63,-0.6%,59,+0.5,59,+0.4,53,+1.1
Zach LaVine,19.6,MIN,Combo,1811,21,-4.8,44,-1.3,7,-4.8%,31,+1.2%,13,-4.2,8,-3.7,50,+0.0
Jeremy Lamb,22.4,OKC,Wing,532,13,-7.0,47,-1.0,2,-7.1%,1,+5.9%,9,-5.2,6,-4.1,42,-2.5
Carl Landry,31.1,SAC,Big,1148,13,-7.0,11,-7.1,53,+0.2%,21,+1.8%,15,-4.0,37,-1.0,13,-14.0
Shane Larkin,22.1,NYK,Point,1782,39,-1.9,24,-3.9,75,+2.0%,45,+0.4%,62,+0.8,68,+1.0,45,-1.3
Joffrey Lauvergne,23.1,DEN,Big,224,2,-14.2,0,-18.3,69,+1.6%,98,-4.2%,33,-1.8,53,-0.1,27,-7.7
Ty Lawson,27.0,DEN,Point,2650,98,+10.9,96,+8.0,65,+1.3%,46,+0.3%,67,+1.2,44,-0.6,77,+9.0
Ricky Ledo,22.1,NYK,Wing,211,66,+1.4,31,-2.8,91,+4.6%,46,+0.3%,19,-3.4,41,-0.8,6,-20.5
Courtney Lee,29.1,MEM,Wing,2337,77,+3.0,91,+5.5,25,-2.1%,34,+1.1%,20,-3.1,26,-1.7,29,-6.9
David Lee,31.5,GSW,Big,842,20,-5.0,20,-4.4,74,+2.0%,9,+2.9%,35,-1.7,60,+0.4,16,-12.3
Alex Len,21.4,PHX,Big,1498,38,-2.1,42,-1.4,52,+0.1%,51,+0.0%,35,-1.7,52,-0.1,25,-8.7
Kawhi Leonard,23.3,SAS,Wing,2027,87,+4.8,84,+4.1,51,+0.0%,83,-1.9%,42,-1.0,64,+0.7,14,-13.6
Meyers Leonard,22.7,POR,Big,765,18,-5.5,42,-1.4,4,-6.0%,23,+1.6%,1,-9.3,2,-6.2,17,-11.9
Jon Leuer,25.5,MEM,Big,754,9,-7.9,8,-8.1,19,-3.0%,71,-1.0%,4,-6.6,8,-3.7,8,-18.1
Damian Lillard,24.3,POR,Combo,2918,86,+4.6,54,-0.3,96,+6.3%,78,-1.5%,96,+6.5,89,+3.1,92,+17.7
Jeremy Lin,26.2,LAL,Point,1877,66,+1.5,70,+1.8,63,+0.9%,82,-1.8%,71,+1.7,64,+0.6,70,+6.0
Shaun Livingston,29.1,GSW,Combo,1303,6,-9.4,6,-8.9,72,+1.8%,4,+4.0%,51,-0.1,45,-0.6,61,+3.2
Brook Lopez,26.6,BKN,Big,2094,65,+1.2,68,+1.6,32,-1.5%,60,-0.5%,92,+5.4,84,+2.5,89,+15.9
Robin Lopez,26.6,POR,Big,1636,63,+1.1,74,+2.5,63,+1.0%,54,-0.1%,41,-1.1,73,+1.4,9,-16.9
Kevin Love,26.1,CLE,Big,2526,77,+3.1,86,+4.4,30,-1.7%,71,-1.0%,44,-0.9,50,-0.3,40,-3.1
Kyle Lowry,28.6,TOR,Point,2407,43,-1.4,12,-6.7,73,+2.0%,95,-3.3%,96,+6.8,89,+3.3,92,+18.0
John Lucas III,31.9,DET,Point,255,3,-12.7,30,-2.9,0,-10.6%,0,+6.0%,0,-14.1,0,-9.1,4,-23.9
Shelvin Mack,24.5,ATL,Combo,727,35,-2.5,40,-1.7,59,+0.7%,31,+1.2%,22,-2.8,30,-1.4,24,-9.1
Ian Mahinmi,28.0,IND,Big,1120,50,-0.4,34,-2.5,78,+2.4%,87,-2.3%,75,+2.1,90,+3.3,21,-9.8
Devyn Marble,22.1,ORL,Wing,198,48,-0.7,92,+6.0,50,-0.0%,71,-1.0%,74,+2.0,49,-0.4,90,+16.7
Shawn Marion,36.5,CLE,Forward,1066,41,-1.6,32,-2.7,84,+3.1%,84,-2.0%,84,+3.3,95,+4.5,25,-8.9
Kendall Marshall,23.2,MIL,Point,395,89,+5.1,97,+9.2,2,-7.7%,7,+3.1%,60,+0.6,38,-1.0,80,+10.3
Cartier Martin,29.9,DET,Wing,173,19,-5.3,55,-0.3,39,-0.9%,10,+2.9%,18,-3.6,16,-2.7,35,-4.6
Kevin Martin,31.7,MIN,Wing,1299,72,+2.1,80,+3.4,36,-1.1%,32,+1.2%,58,+0.5,63,+0.6,47,-0.8
Wesley Matthews,28.0,POR,Wing,2021,46,-1.0,53,-0.4,54,+0.2%,83,-1.9%,46,-0.7,68,+1.0,16,-12.4
Jason Maxiell,31.7,CHA,Big,794,27,-3.9,20,-4.4,94,+5.3%,66,-0.7%,57,+0.4,76,+1.7,23,-9.3
O.J. Mayo,27.0,MIL,Wing,1670,50,-0.4,56,-0.1,19,-3.0%,53,-0.0%,27,-2.4,11,-3.2,73,+6.9
Luc Mbah a Moute,28.1,PHI,Forward,1906,28,-3.6,42,-1.4,10,-4.1%,48,+0.2%,19,-3.4,15,-2.7,46,-1.0
James Michael McAdoo,21.8,GSW,Big,102,49,-0.5,91,+5.7,76,+2.1%,5,+3.9%,42,-1.0,63,+0.6,31,-6.1
Ray McCallum,23.4,SAC,Combo,1368,33,-3.0,15,-5.6,62,+0.9%,91,-2.5%,71,+1.7,80,+2.1,33,-5.1
CJ McCollum,23.1,POR,Wing,901,46,-1.0,43,-1.4,27,-2.0%,20,+1.8%,29,-2.2,13,-3.0,81,+11.2
KJ McDaniels,21.7,PHI,Forward,1271,73,+2.2,38,-1.8,89,+4.2%,91,-2.6%,71,+1.6,95,+4.4,7,-19.3
Doug McDermott,22.8,CHI,Wing,275,4,-11.7,9,-8.1,8,-4.4%,2,+4.6%,24,-2.6,17,-2.6,56,+2.1
Mitch McGary,22.4,OKC,Big,416,87,+4.6,58,+0.2,79,+2.5%,90,-2.5%,89,+4.7,74,+1.6,86,+14.1
JaVale McGee,26.8,DEN,Big,171,28,-3.7,86,+4.5,1,-8.0%,57,-0.3%,3,-7.0,4,-5.1,25,-8.8
Ben McLemore,21.7,SAC,Wing,2634,75,+2.7,82,+3.7,11,-3.9%,58,-0.4%,46,-0.6,14,-2.9,86,+13.8
Josh McRoberts,27.7,MIA,Big,284,85,+4.1,97,+8.4,23,-2.3%,69,-0.9%,31,-1.9,37,-1.0,30,-6.3
Jodie Meeks,27.2,DET,Wing,1424,41,-1.7,46,-1.0,22,-2.6%,28,+1.4%,45,-0.8,20,-2.3,78,+9.4
Khris Middleton,23.2,MIL,Wing,2362,90,+5.6,78,+3.0,81,+2.7%,79,-1.5%,70,+1.5,70,+1.1,58,+2.3
CJ Miles,27.6,IND,Wing,1821,76,+2.9,84,+4.1,29,-1.8%,73,-1.1%,25,-2.5,55,+0.1,9,-17.0
Andre Miller,38.6,WAS,Point,570,21,-5.0,15,-5.8,99,+8.1%,3,+4.5%,78,+2.5,94,+4.3,11,-15.7
Andre Miller,38.6,SAC,Point,608,60,+0.7,83,+4.0,95,+5.8%,43,+0.6%,38,-1.4,94,+4.3,2,-31.1
Mike Miller,34.7,CLE,Wing,618,4,-10.6,7,-8.4,13,-3.7%,25,+1.5%,40,-1.2,13,-3.1,85,+13.7
Patty Mills,26.2,SAS,Combo,719,55,-0.0,25,-3.7,74,+2.0%,71,-1.0%,55,+0.2,49,-0.4,66,+4.5
Elijah Millsap,27.2,UTA,Wing,871,51,-0.4,60,+0.5,82,+2.8%,84,-2.0%,67,+1.2,83,+2.4,23,-9.5
Paul Millsap,29.7,ATL,Big,2379,89,+5.5,87,+4.6,60,+0.7%,73,-1.2%,78,+2.5,75,+1.6,59,+2.7
Nikola Mirotic,23.7,CHI,Forward,1592,64,+1.2,75,+2.7,41,-0.8%,22,+1.7%,52,+0.0,23,-1.9,84,+13.0
Greg Monroe,24.4,DET,Big,2122,51,-0.4,27,-3.3,86,+3.5%,80,-1.5%,92,+5.3,89,+3.2,77,+9.0
E'Twaun Moore,25.7,CHI,Combo,444,38,-2.1,67,+1.5,58,+0.6%,69,-0.9%,37,-1.5,88,+2.9,5,-22.4
Darius Morris,23.8,BKN,Point,211,6,-9.4,4,-10.0,51,+0.0%,90,-2.4%,86,+4.0,71,+1.2,88,+15.7
Marcus Morris,25.2,PHX,Forward,2030,80,+3.4,78,+3.1,58,+0.6%,33,+1.1%,57,+0.4,54,+0.0,59,+2.7
Markieff Morris,25.2,PHX,Big,2577,61,+0.8,64,+0.9,42,-0.7%,86,-2.1%,36,-1.6,56,+0.2,19,-10.9
Anthony Morrow,29.1,OKC,Wing,1741,78,+3.3,83,+3.8,27,-2.0%,40,+0.8%,51,-0.1,26,-1.8,79,+9.8
Donatas Motiejunas,24.1,HOU,Big,2001,40,-1.8,58,+0.2,28,-1.9%,8,+3.0%,14,-4.1,19,-2.4,23,-9.5
Timofey Mozgov,28.3,DEN,Big,889,82,+3.7,58,+0.2,92,+4.8%,34,+1.1%,96,+6.8,78,+1.8,96,+23.6
Timofey Mozgov,28.3,CLE,Big,1140,84,+4.1,76,+2.7,33,-1.4%,96,-3.6%,94,+5.6,85,+2.6,88,+15.5
Shabazz Muhammad,22.0,MIN,Wing,843,72,+2.1,39,-1.7,91,+4.7%,91,-2.5%,93,+5.4,96,+5.0,45,-1.4
Mike Muscala,23.3,ATL,Big,410,35,-2.5,5,-9.3,96,+6.3%,92,-2.7%,84,+3.3,96,+4.7,14,-13.6
Shabazz Napier,23.3,MIA,Point,969,39,-1.9,27,-3.2,54,+0.2%,36,+1.0%,72,+1.7,66,+0.8,64,+3.9
Gary Neal,30.1,CHA,Wing,898,63,+1.1,78,+3.1,69,+1.6%,27,+1.4%,43,-1.0,58,+0.3,24,-9.2
Gary Neal,30.1,MIN,Wing,258,30,-3.4,56,-0.1,36,-1.1%,14,+2.4%,6,-6.1,9,-3.6,8,-18.2
Jameer Nelson,32.7,DAL,Point,582,35,-2.6,59,+0.3,8,-4.4%,41,+0.7%,25,-2.5,48,-0.4,17,-12.0
Jameer Nelson,32.7,BOS,Point,120,70,+1.9,90,+5.2,8,-4.5%,3,+4.6%,62,+0.8,67,+0.9,45,-1.1
Jameer Nelson,32.7,DEN,Combo,682,21,-4.8,28,-3.1,72,+1.8%,42,+0.7%,24,-2.6,67,+0.9,8,-17.2
Andrew Nicholson,24.9,ORL,Big,442,38,-2.0,58,+0.2,14,-3.6%,10,+2.9%,5,-6.4,1,-6.4,77,+8.9
Joakim Noah,29.7,CHI,Big,2045,31,-3.2,18,-4.9,55,+0.2%,57,-0.3%,48,-0.4,42,-0.7,57,+2.3
Nerlens Noel,20.6,PHI,Big,2270,19,-5.2,29,-3.1,2,-6.9%,73,-1.1%,34,-1.8,14,-2.9,76,+8.5
Dirk Nowitzki,36.4,DAL,Big,2269,80,+3.4,89,+5.0,34,-1.3%,28,+1.4%,72,+1.8,60,+0.4,79,+9.6
Jusuf Nurkic,20.2,DEN,Big,1020,49,-0.6,51,-0.6,55,+0.2%,52,-0.0%,30,-2.0,65,+0.7,13,-14.2
Johnny O'Bryant III,21.4,MIL,Big,344,7,-9.1,9,-7.7,9,-4.2%,14,+2.4%,2,-8.4,7,-3.9,1,-34.5
Kyle O'Quinn,24.6,ORL,Big,788,25,-4.3,40,-1.5,2,-6.8%,4,+4.0%,8,-5.9,3,-5.5,64,+3.9
Victor Oladipo,22.5,ORL,Combo,2548,85,+4.2,64,+1.0,76,+2.2%,78,-1.5%,88,+4.3,82,+2.3,79,+9.6
Kelly Olynyk,23.5,BOS,Big,1396,88,+4.9,76,+2.8,49,-0.1%,68,-0.8%,73,+1.8,30,-1.4,96,+21.6
Zaza Pachulia,30.7,MIL,Big,1718,91,+5.9,89,+4.9,78,+2.4%,38,+0.8%,46,-0.7,58,+0.3,28,-7.0
Kostas Papanikolaou,24.3,HOU,Forward,697,19,-5.3,23,-4.0,69,+1.6%,16,+2.2%,21,-2.9,10,-3.4,68,+5.5
Jabari Parker,19.6,MIL,Forward,725,37,-2.2,33,-2.5,35,-1.3%,88,-2.3%,78,+2.5,77,+1.8,60,+3.1
Tony Parker,32.5,SAS,Point,1948,62,+0.9,86,+4.5,15,-3.4%,26,+1.5%,6,-6.3,8,-3.7,7,-18.6
Chandler Parsons,26.0,DAL,Wing,2183,84,+4.1,76,+2.7,52,+0.1%,75,-1.3%,79,+2.7,78,+1.9,63,+3.6
Patrick Patterson,25.6,TOR,Big,2141,92,+6.2,90,+5.2,87,+3.6%,65,-0.7%,28,-2.3,58,+0.3,11,-15.1
Chris Paul,29.5,LAC,Point,2848,100,+20.7,100,+14.6,98,+7.2%,99,-6.0%,95,+6.3,97,+5.0,62,+3.5
Adreian Payne,23.7,MIN,Big,707,35,-2.5,41,-1.5,26,-2.0%,26,+1.5%,52,-0.0,44,-0.6,60,+2.8
Elfrid Payton,20.7,ORL,Point,2442,91,+6.0,74,+2.5,85,+3.3%,97,-3.8%,63,+0.9,80,+2.1,20,-10.4
Nikola Pekovic,28.8,MIN,Big,810,65,+1.4,32,-2.6,94,+5.5%,49,+0.2%,90,+4.8,96,+4.8,43,-2.1
Kendrick Perkins,30.0,OKC,Big,950,61,+0.9,79,+3.3,32,-1.5%,15,+2.4%,17,-3.8,25,-1.8,19,-10.7
Kendrick Perkins,30.0,CLE,Big,129,0,-27.3,0,-17.0,11,-4.0%,0,+6.4%,0,-11.1,6,-4.5,0,-48.5
Paul Pierce,37.1,WAS,Wing,1905,67,+1.6,88,+4.7,7,-5.0%,90,-2.4%,24,-2.5,21,-2.1,46,-1.0
Mason Plumlee,24.7,BKN,Big,1697,52,-0.3,59,+0.4,42,-0.7%,21,+1.8%,13,-4.3,19,-2.4,18,-11.3
Miles Plumlee,26.2,PHX,Big,983,58,+0.3,53,-0.5,50,-0.1%,45,+0.5%,63,+0.8,55,+0.1,61,+3.2
Miles Plumlee,26.2,MIL,Big,175,71,+1.9,75,+2.6,24,-2.2%,3,+4.2%,65,+1.0,22,-2.0,93,+19.1
Quincy Pondexter,26.6,MEM,Forward,518,25,-4.3,50,-0.8,66,+1.3%,10,+2.9%,10,-4.9,42,-0.7,4,-25.4
Quincy Pondexter,26.6,NOP,Wing,1239,37,-2.2,38,-1.8,67,+1.4%,16,+2.2%,30,-2.1,12,-3.1,71,+6.4
Otto Porter,21.4,WAS,Wing,1332,75,+2.6,31,-2.8,95,+5.7%,42,+0.7%,93,+5.6,88,+3.0,84,+13.1
Dwight Powell,23.3,DAL,Big,174,65,+1.2,11,-6.9,94,+5.6%,25,+1.6%,61,+0.7,65,+0.7,43,-2.5
Phil Pressey,23.7,BOS,Point,552,24,-4.5,32,-2.7,65,+1.3%,54,-0.1%,10,-4.9,9,-3.5,34,-4.7
A.J. Price,28.1,IND,Point,173,89,+5.4,22,-4.2,95,+6.2%,94,-3.0%,99,+10.4,99,+6.3,71,+6.4
Ronnie Price,31.4,LAL,Point,928,74,+2.5,61,+0.6,34,-1.3%,46,+0.3%,63,+0.8,41,-0.8,80,+9.9
Pablo Prigioni,37.5,NYK,Combo,783,62,+1.0,63,+0.8,76,+2.1%,9,+3.0%,19,-3.5,17,-2.6,35,-4.5
Pablo Prigioni,37.5,HOU,Point,392,63,+1.1,68,+1.6,58,+0.6%,74,-1.3%,86,+3.8,79,+1.9,82,+11.4
Tayshaun Prince,34.7,MEM,Forward,625,26,-4.2,15,-5.7,27,-1.9%,49,+0.1%,92,+5.1,59,+0.4,97,+27.1
Tayshaun Prince,34.7,BOS,Forward,197,96,+9.0,98,+10.0,16,-3.3%,56,-0.2%,68,+1.3,14,-3.0,97,+27.6
Tayshaun Prince,34.7,DET,Forward,567,1,-15.4,0,-16.0,55,+0.3%,70,-0.9%,23,-2.7,65,+0.8,7,-20.1
Zach Randolph,33.3,MEM,Big,2298,93,+6.4,94,+6.6,81,+2.8%,34,+1.0%,93,+5.4,85,+2.6,88,+15.7
JJ Redick,30.4,LAC,Wing,2401,96,+8.4,94,+6.5,92,+4.8%,96,-3.5%,79,+2.7,87,+2.8,38,-3.6
Jason Richardson,33.8,PHI,Combo,414,44,-1.3,62,+0.8,4,-6.2%,41,+0.7%,12,-4.3,7,-3.9,44,-1.5
Luke Ridnour,33.7,ORL,Combo,644,26,-4.0,64,+0.9,6,-5.3%,7,+3.3%,5,-6.4,11,-3.2,9,-17.0
Austin Rivers,22.3,NOP,Combo,730,29,-3.5,39,-1.8,47,-0.3%,7,+3.3%,6,-6.2,12,-3.1,15,-13.5
Austin Rivers,22.3,LAC,Combo,725,1,-16.3,1,-14.1,7,-4.8%,2,+5.1%,24,-2.7,9,-3.5,73,+7.0
Andre Roberson,22.9,OKC,Wing,1281,59,+0.4,56,-0.2,84,+3.0%,91,-2.6%,60,+0.6,87,+2.9,13,-14.1
Brian Roberts,28.9,CHA,Point,1219,53,-0.2,51,-0.6,67,+1.5%,30,+1.3%,77,+2.4,58,+0.2,90,+16.6
Glenn Robinson III,20.8,PHI,Wing,146,100,+16.2,98,+9.3,90,+4.5%,5,+3.9%,99,+9.8,94,+4.4,95,+20.8
Nate Robinson,30.4,DEN,Combo,425,5,-10.4,13,-6.2,2,-7.3%,50,+0.1%,11,-4.7,6,-4.5,63,+3.6
Nate Robinson,30.4,LAC,Combo,113,0,-17.3,3,-11.6,8,-4.7%,45,+0.4%,8,-5.8,7,-3.9,29,-6.9
Thomas Robinson,23.6,POR,Big,345,39,-1.9,13,-6.3,60,+0.7%,87,-2.2%,49,-0.3,52,-0.1,45,-1.4
Thomas Robinson,23.6,PHI,Big,401,91,+6.1,19,-4.6,100,+10.5%,70,-0.9%,99,+10.7,99,+7.5,82,+11.3
Rajon Rondo,28.7,BOS,Point,697,32,-3.1,43,-1.4,64,+1.0%,88,-2.3%,64,+0.9,71,+1.2,35,-4.6
Rajon Rondo,28.7,DAL,Point,1306,16,-5.9,35,-2.3,24,-2.3%,45,+0.5%,35,-1.7,36,-1.1,44,-1.6
Derrick Rose,26.1,CHI,Combo,1527,54,-0.1,43,-1.4,43,-0.7%,92,-2.8%,49,-0.3,46,-0.5,54,+1.6
Terrence Ross,23.7,TOR,Wing,2059,68,+1.7,67,+1.5,37,-1.0%,52,+0.0%,83,+3.2,73,+1.5,75,+7.9
Ricky Rubio,24.0,MIN,Point,690,71,+2.0,72,+2.3,75,+2.0%,80,-1.6%,20,-3.2,69,+1.1,5,-23.0
Damjan Rudez,28.4,IND,Wing,974,42,-1.6,52,-0.5,55,+0.3%,81,-1.7%,71,+1.7,80,+2.1,39,-3.4
Brandon Rush,29.3,GSW,Wing,168,4,-11.0,1,-14.1,38,-1.0%,1,+5.3%,55,+0.2,9,-3.4,99,+29.9
Robert Sacre,25.4,LAL,Big,1044,34,-2.7,46,-1.1,15,-3.5%,42,+0.7%,43,-1.0,23,-2.0,76,+8.6
John Salmons,34.9,NOP,Wing,265,10,-7.9,4,-10.7,41,-0.8%,6,+3.5%,69,+1.4,38,-1.0,86,+14.3
JaKarr Sampson,21.6,PHI,Wing,1052,43,-1.4,60,+0.5,48,-0.3%,45,+0.4%,70,+1.6,66,+0.9,62,+3.5
Larry Sanders,25.9,MIL,Big,583,7,-9.3,8,-8.2,36,-1.1%,87,-2.2%,85,+3.5,86,+2.7,61,+3.2
Dennis Schroder,21.1,ATL,Point,1468,22,-4.7,14,-6.1,77,+2.3%,4,+4.0%,38,-1.4,34,-1.2,52,+0.5
Luis Scola,34.5,IND,Big,1627,56,+0.0,35,-2.3,58,+0.6%,92,-2.7%,66,+1.2,58,+0.3,68,+5.6
Mike Scott,26.3,ATL,Big,1033,24,-4.5,47,-1.0,14,-3.6%,14,+2.5%,30,-2.1,17,-2.6,79,+9.6
Thabo Sefolosha,30.5,ATL,Wing,921,67,+1.6,43,-1.3,96,+6.5%,57,-0.3%,84,+3.4,91,+3.5,32,-5.4
Kevin Seraphin,24.9,WAS,Big,1138,27,-4.0,30,-2.9,80,+2.6%,5,+3.9%,70,+1.6,81,+2.2,33,-5.1
Ramon Sessions,28.6,SAC,Point,632,15,-6.0,9,-8.0,64,+1.0%,10,+2.9%,86,+3.9,62,+0.5,90,+16.6
Ramon Sessions,28.6,WAS,Combo,518,21,-4.9,33,-2.6,19,-3.0%,51,+0.0%,22,-2.8,47,-0.4,9,-17.0
Iman Shumpert,24.4,NYK,Combo,617,57,+0.1,73,+2.3,44,-0.6%,73,-1.2%,44,-0.9,73,+1.5,12,-14.5
Iman Shumpert,24.4,CLE,Wing,858,48,-0.7,61,+0.5,67,+1.4%,12,+2.6%,9,-5.4,12,-3.1,20,-10.2
Alexey Shved,25.9,PHI,Combo,265,84,+4.1,90,+5.3,17,-3.2%,81,-1.7%,11,-4.7,34,-1.2,5,-22.7
Alexey Shved,25.9,NYK,Wing,404,91,+6.1,76,+2.7,88,+4.0%,99,-4.9%,95,+6.4,97,+5.1,54,+1.5
Henry Sims,24.6,PHI,Big,1387,31,-3.3,23,-4.0,70,+1.7%,18,+2.0%,56,+0.3,67,+0.9,37,-4.1
Kyle Singler,26.5,DET,Wing,1279,52,-0.2,37,-2.1,67,+1.4%,95,-3.5%,51,-0.1,82,+2.3,14,-13.7
Kyle Singler,26.5,OKC,Forward,450,30,-3.4,27,-3.4,30,-1.8%,80,-1.6%,53,+0.1,70,+1.2,31,-6.0
Donald Sloan,26.8,IND,Point,1049,17,-5.7,17,-5.3,74,+2.0%,52,-0.0%,67,+1.3,68,+1.0,55,+1.9
Marcus Smart,20.7,BOS,Wing,1788,81,+3.5,73,+2.4,50,-0.1%,44,+0.5%,55,+0.2,62,+0.5,40,-2.9
Greg Smith,23.8,DAL,Big,262,1,-15.7,1,-15.0,3,-6.7%,4,+4.1%,2,-8.1,1,-6.5,36,-4.4
Ish Smith,26.3,OKC,Point,107,2,-14.9,7,-8.3,0,-14.3%,33,+1.1%,31,-2.0,2,-6.2,99,+31.7
Ish Smith,26.3,PHI,Point,668,30,-3.4,40,-1.7,76,+2.2%,84,-2.0%,32,-1.9,59,+0.4,17,-12.0
JR Smith,29.1,NYK,Wing,605,86,+4.3,95,+7.3,33,-1.4%,10,+2.9%,44,-0.9,37,-1.0,57,+2.2
JR Smith,29.1,CLE,Wing,1451,65,+1.3,27,-3.3,49,-0.2%,96,-3.5%,99,+10.2,93,+4.0,99,+34.9
Jason Smith,28.7,NYK,Big,1755,64,+1.2,67,+1.4,57,+0.4%,38,+0.9%,58,+0.5,43,-0.7,74,+7.6
Josh Smith,28.9,DET,Forward,894,6,-9.5,3,-10.8,12,-3.8%,91,-2.6%,12,-4.6,15,-2.8,29,-6.9
Josh Smith,28.9,HOU,Big,1378,73,+2.3,66,+1.3,49,-0.3%,92,-2.6%,63,+0.8,54,+0.1,68,+5.2
Tony Snell,23.0,CHI,Wing,1343,56,+0.1,81,+3.4,29,-1.8%,11,+2.7%,13,-4.3,15,-2.7,30,-6.6
Marreese Speights,27.2,GSW,Big,1145,57,+0.2,62,+0.7,61,+0.8%,55,-0.1%,48,-0.4,61,+0.4,35,-4.5
Tiago Splitter,29.8,SAS,Big,1025,79,+3.3,77,+2.9,65,+1.2%,77,-1.4%,88,+4.2,92,+3.8,51,+0.5
Nik Stauskas,21.1,SAC,Wing,1036,43,-1.5,55,-0.2,52,+0.1%,25,+1.5%,19,-3.3,45,-0.5,12,-14.4
Lance Stephenson,24.2,CHA,Wing,1521,16,-5.9,27,-3.3,14,-3.5%,22,+1.7%,42,-1.0,31,-1.4,65,+4.0
Amar'e Stoudemire,32.0,NYK,Big,855,96,+8.0,90,+5.3,97,+6.7%,24,+1.6%,97,+6.9,97,+5.3,71,+6.2
Amar'e Stoudemire,32.0,DAL,Big,370,87,+4.6,85,+4.2,44,-0.6%,18,+2.0%,70,+1.6,48,-0.4,84,+13.1
Rodney Stuckey,28.5,IND,Combo,1861,46,-1.0,24,-3.9,39,-0.9%,57,-0.3%,50,-0.2,18,-2.4,90,+16.6
Jared Sullinger,22.7,BOS,Big,1545,36,-2.3,27,-3.3,66,+1.4%,64,-0.6%,89,+4.4,73,+1.4,88,+15.3
Jeff Taylor,25.4,CHA,Wing,363,11,-7.5,14,-5.8,11,-3.9%,50,+0.1%,17,-3.8,24,-1.9,14,-13.8
Jeff Teague,26.4,ATL,Point,2218,79,+3.3,83,+4.0,28,-1.9%,96,-3.6%,82,+3.1,72,+1.3,82,+11.6
Mirza Teletovic,29.1,BKN,Big,880,26,-4.2,28,-3.2,60,+0.7%,54,-0.1%,14,-4.2,26,-1.7,12,-14.3
Sebastian Telfair,29.4,OKC,Point,325,8,-8.5,17,-5.2,16,-3.2%,21,+1.7%,0,-12.2,1,-6.7,3,-29.0
Garrett Temple,28.5,WAS,Wing,689,17,-5.6,16,-5.6,38,-0.9%,51,+0.1%,14,-4.1,28,-1.6,10,-16.3
Jason Terry,37.1,HOU,Combo,1617,33,-3.0,31,-2.9,53,+0.2%,81,-1.7%,35,-1.7,38,-0.9,38,-3.6
Isaiah Thomas,25.7,PHX,Combo,1160,87,+4.7,89,+5.0,53,+0.1%,41,+0.7%,69,+1.4,21,-2.3,96,+26.1
Isaiah Thomas,25.7,BOS,Point,541,97,+10.1,88,+4.8,73,+2.0%,85,-2.0%,96,+6.5,73,+1.5,99,+31.3
Lance Thomas,26.5,OKC,Wing,440,2,-13.3,2,-13.6,49,-0.1%,0,+6.7%,75,+2.2,43,-0.7,88,+15.5
Lance Thomas,26.5,NYK,Forward,1031,84,+4.0,82,+3.6,70,+1.6%,66,-0.7%,80,+2.8,93,+4.0,20,-10.1
Malcolm Thomas,26.0,PHI,Big,167,7,-9.2,11,-7.1,25,-2.1%,11,+2.7%,89,+4.3,29,-1.4,100,+35.6
Hollis Thompson,23.6,PHI,Wing,1733,53,-0.2,77,+2.8,48,-0.3%,29,+1.3%,24,-2.6,23,-1.9,41,-2.9
Jason Thompson,28.3,SAC,Big,1963,54,-0.2,50,-0.8,9,-4.3%,15,+2.4%,32,-1.9,5,-4.9,94,+19.5
Klay Thompson,24.7,GSW,Wing,2445,97,+9.2,99,+12.2,21,-2.7%,85,-2.0%,31,-2.0,56,+0.2,16,-12.1
Tristan Thompson,23.6,CLE,Big,2129,81,+3.6,35,-2.2,95,+6.0%,47,+0.3%,64,+1.0,73,+1.4,39,-3.2
Marcus Thornton,27.4,BOS,Wing,636,63,+1.1,46,-1.0,89,+4.4%,46,+0.3%,90,+4.7,89,+3.1,62,+3.5
Anthony Tolliver,29.4,PHX,Big,230,17,-5.5,79,+3.2,5,-5.4%,0,+6.4%,9,-5.4,3,-5.7,81,+11.1
Anthony Tolliver,29.4,DET,Big,1142,93,+6.4,96,+7.9,26,-2.1%,12,+2.6%,12,-4.5,5,-4.7,71,+6.4
PJ Tucker,29.5,PHX,Wing,2374,32,-3.1,31,-2.8,73,+2.0%,74,-1.3%,39,-1.3,78,+1.8,6,-21.5
Hedo Turkoglu,35.6,LAC,Forward,649,5,-9.7,22,-4.2,1,-8.0%,1,+5.5%,8,-5.8,6,-4.4,37,-4.0
Evan Turner,26.0,BOS,Combo,2235,36,-2.3,36,-2.2,33,-1.4%,33,+1.1%,30,-2.0,51,-0.2,18,-11.2
Beno Udrih,32.3,MEM,Point,1442,30,-3.4,46,-1.1,31,-1.6%,39,+0.8%,38,-1.4,35,-1.1,48,-0.7
Jonas Valanciunas,22.5,TOR,Big,2076,9,-8.0,12,-6.8,32,-1.4%,35,+1.0%,61,+0.7,61,+0.4,53,+1.3
Anderson Varejao,32.1,CLE,Big,631,23,-4.6,26,-3.5,23,-2.4%,48,+0.2%,11,-4.8,20,-2.3,14,-14.0
Greivis Vasquez,27.8,TOR,Combo,1940,41,-1.6,73,+2.4,32,-1.4%,26,+1.5%,13,-4.3,10,-3.4,46,-1.1
Charlie Villanueva,30.2,DAL,Big,582,19,-5.4,25,-3.8,29,-1.8%,86,-2.1%,36,-1.6,62,+0.5,12,-14.5
Noah Vonleh,19.2,CHA,Big,165,17,-5.6,3,-11.9,99,+7.4%,85,-2.0%,93,+5.5,94,+4.4,67,+4.7
Nikola Vucevic,24.0,ORL,Big,2522,69,+1.8,44,-1.3,68,+1.5%,76,-1.4%,91,+5.0,77,+1.7,91,+17.5
Dwyane Wade,32.8,MIA,Wing,1954,87,+4.8,82,+3.7,57,+0.5%,71,-1.0%,73,+1.9,72,+1.4,56,+2.1
Dion Waiters,22.9,CLE,Combo,750,6,-9.7,7,-8.7,65,+1.2%,24,+1.6%,18,-3.6,31,-1.3,17,-11.6
Dion Waiters,22.9,OKC,Wing,1395,55,-0.1,59,+0.3,71,+1.8%,60,-0.5%,82,+3.1,71,+1.2,81,+10.6
Henry Walker,27.1,MIA,Wing,616,45,-1.0,61,+0.5,30,-1.8%,58,-0.4%,8,-5.5,31,-1.3,4,-25.1
Kemba Walker,24.5,CHA,Combo,2112,60,+0.6,57,+0.1,68,+1.5%,50,+0.1%,29,-2.2,57,+0.2,7,-18.3
John Wall,24.2,WAS,Point,2825,91,+6.1,85,+4.3,14,-3.5%,97,-3.9%,47,-0.5,18,-2.5,87,+15.1
Gerald Wallace,32.3,BOS,Forward,273,89,+5.5,96,+7.8,90,+4.5%,6,+3.5%,66,+1.2,33,-1.2,92,+17.9
TJ Warren,21.2,PHX,Forward,541,14,-6.6,10,-7.7,56,+0.3%,17,+2.0%,98,+8.5,91,+3.6,96,+22.6
CJ Watson,30.5,IND,Combo,1396,47,-0.9,63,+0.9,45,-0.5%,72,-1.1%,34,-1.8,48,-0.4,23,-9.5
Travis Wear,24.1,NYK,Forward,585,35,-2.4,19,-4.6,27,-1.9%,77,-1.4%,71,+1.7,24,-1.9,97,+26.9
Martell Webster,27.9,WAS,Wing,292,2,-13.7,5,-9.6,23,-2.4%,13,+2.5%,7,-6.0,15,-2.8,4,-24.4
David West,34.2,IND,Big,1890,54,-0.1,83,+3.8,13,-3.7%,12,+2.7%,5,-6.4,8,-3.7,13,-14.2
Russell Westbrook,26.0,OKC,Combo,2296,97,+10.7,93,+6.3,93,+5.1%,100,-8.4%,90,+4.9,98,+6.1,19,-10.7
Hassan Whiteside,25.4,MIA,Big,1110,86,+4.4,51,-0.6,95,+5.9%,72,-1.1%,99,+9.8,98,+6.0,90,+16.7
Andrew Wiggins,19.7,MIN,Wing,2953,75,+2.6,65,+1.0,82,+2.9%,79,-1.5%,64,+0.9,88,+3.1,11,-14.9
Deron Williams,30.3,BKN,Point,2102,88,+4.9,85,+4.3,35,-1.2%,70,-0.9%,69,+1.5,72,+1.4,49,-0.2
Derrick Williams,23.4,SAC,Forward,1432,47,-0.9,57,+0.2,44,-0.6%,85,-2.0%,53,+0.1,75,+1.7,23,-9.3
Lou Williams,28.0,TOR,Combo,1993,94,+7.0,96,+8.3,80,+2.7%,58,-0.4%,17,-3.7,44,-0.6,9,-17.0
Marvin Williams,28.4,CHA,Big,2005,55,-0.0,78,+3.2,4,-6.0%,36,+1.0%,15,-3.9,9,-3.6,48,-0.4
Mo Williams,31.9,MIN,Point,1137,78,+3.2,65,+1.2,67,+1.4%,37,+0.9%,75,+2.2,58,+0.3,76,+8.8
Mo Williams,31.9,CHA,Point,826,95,+7.7,93,+6.3,51,+0.0%,70,-0.9%,37,-1.5,38,-1.0,37,-4.2
Shawne Williams,28.7,MIA,Big,889,69,+1.8,59,+0.3,46,-0.5%,29,+1.3%,18,-3.6,9,-3.5,63,+3.6
Shawne Williams,28.7,DET,Big,149,7,-9.4,7,-8.6,66,+1.4%,38,+0.9%,74,+2.0,64,+0.6,64,+3.8
Jeff Withey,24.7,NOP,Big,181,37,-2.2,41,-1.5,6,-5.4%,29,+1.3%,31,-2.0,16,-2.7,63,+3.7
Nate Wolters,23.5,MIL,Combo,121,3,-12.2,24,-4.0,22,-2.5%,13,+2.5%,7,-6.0,4,-5.1,53,+1.1
Brandan Wright,27.1,DAL,Big,495,75,+2.6,84,+4.1,44,-0.6%,44,+0.5%,80,+2.8,27,-1.7,98,+29.1
Brandan Wright,27.1,PHX,Big,839,34,-2.8,28,-3.2,55,+0.2%,42,+0.7%,43,-0.9,22,-2.0,75,+7.9
Dorell Wright,28.9,POR,Forward,559,82,+3.6,84,+4.1,59,+0.7%,51,+0.1%,67,+1.2,30,-1.4,94,+19.9
Tony Wroten,21.6,PHI,Combo,884,64,+1.2,63,+0.8,83,+2.9%,30,+1.3%,28,-2.3,40,-0.8,26,-8.1
James Young,19.2,BOS,Wing,308,81,+3.5,80,+3.3,84,+3.1%,64,-0.6%,76,+2.2,93,+4.1,15,-13.1
Nick Young,29.4,LAL,Wing,968,69,+1.8,79,+3.3,46,-0.5%,51,+0.0%,37,-1.5,33,-1.2,48,-0.4
Thaddeus Young,26.4,MIN,Big,1602,74,+2.4,81,+3.5,66,+1.4%,93,-2.9%,34,-1.8,82,+2.4,5,-23.6
Thaddeus Young,26.4,BKN,Big,827,85,+4.3,71,+2.0,55,+0.3%,93,-2.9%,94,+5.7,93,+4.0,71,+6.2
Cody Zeller,22.1,CHA,Big,1479,78,+3.2,63,+0.8,90,+4.5%,53,-0.1%,94,+5.6,87,+2.8,93,+18.6
Tyler Zeller,24.8,BOS,Big,1713,22,-4.7,45,-1.1,20,-3.0%,47,+0.3%,11,-4.7,57,+0.2,2,-29.2