Player,Age,Team,Pos,MIN,Pts/Poss Rank,Pts/Poss,ALL TRANSITION: Pts+/Poss Rank,ALL TRANSITION: Pts+/Poss,ALL TRANSITION: Freq Rank,ALL TRANSITION: Freq,ALL TRANSITION: Pts/Play Rank,ALL TRANSITION: Pts/Play,OFF STEALS: Pts+/Poss Rank,OFF STEALS: Pts+/Poss,OFF STEALS: Freq Rank,OFF STEALS: Freq,OFF STEALS: Pts/Play Rank,OFF STEALS: Pts/Play,OFF LIVE REBOUNDS: Pts+/Poss Rank,OFF LIVE REBOUNDS: Pts+/Poss,OFF LIVE REBOUNDS: Freq Rank,OFF LIVE REBOUNDS: Freq,OFF LIVE REBOUNDS: Pts/Play Rank,OFF LIVE REBOUNDS: Pts/Play
Steven Adams,27.3,NOP,Big,1604,27,+2.7,21,+1.2,65,-0.4%,9,+13.6,35,+0.3,58,-0.7%,30,+8.4,22,+1.0,28,+1.7%,10,+17.7
LaMarcus Aldridge,35.3,SAS,Big,544,8,+6.6,9,+1.9,94,-2.2%,4,+19.9,30,+0.4,6,+9.6%,16,+16.7,5,+2.0,98,-6.1%,4,+25.7
LaMarcus Aldridge,35.3,BKN,Big,130,85,-4.3,58,-0.3,16,+1.5%,64,-3.8,3,+1.8,1,+17.1%,9,+22.7,92,-1.5,19,+2.6%,90,-16.0
Al-Farouq Aminu,30.1,ORL,Forward,366,69,-2.0,86,-1.5,31,+0.7%,77,-7.6,93,-1.2,22,+5.1%,92,-25.7,58,-0.3,62,-0.8%,41,+2.1
Kyle Anderson,27.1,MEM,Forward,1884,85,-4.4,41,+0.4,73,-0.8%,32,+5.1,37,+0.2,56,-0.3%,22,+13.0,55,-0.2,67,-1.3%,56,-2.4
Giannis Antetokounmpo,25.9,MIL,Big,2010,93,-6.6,82,-1.3,62,-0.3%,63,-3.5,49,+0.0,59,-0.9%,30,+8.1,92,-1.6,46,+0.5%,79,-10.5
Thanasis Antetokounmpo,28.3,MIL,Forward,448,57,-0.5,94,-2.3,47,+0.1%,96,-18.8,95,-1.4,91,-8.1%,97,-37.3,73,-0.7,23,+2.2%,77,-9.4
Carmelo Anthony,36.4,POR,Forward,1671,12,+5.0,71,-0.8,65,-0.4%,61,-3.3,83,-0.7,19,+5.7%,79,-12.6,58,-0.3,86,-3.4%,55,-2.2
Trevor Ariza,35.3,MIA,Forward,836,75,-2.6,19,+1.4,21,+1.2%,22,+8.3,39,+0.2,36,+2.6%,56,-2.0,15,+1.3,34,+1.3%,13,+16.2
D.J. Augustin,33.0,MIL,Point,697,31,+2.1,25,+1.1,68,-0.6%,24,+8.0,43,+0.1,68,-2.9%,57,-2.4,11,+1.5,80,-2.4%,8,+18.9
D.J. Augustin,33.0,HOU,Combo,405,2,+11.0,32,+0.7,23,+1.1%,53,-1.3,53,-0.0,29,+3.6%,57,-2.4,23,+0.9,12,+3.4%,48,-0.4
Harrison Barnes,28.4,SAC,Forward,2101,47,+0.4,87,-1.6,96,-2.4%,83,-9.7,73,-0.4,94,-9.2%,60,-3.3,87,-1.2,73,-1.7%,81,-11.3
Will Barton,29.8,DEN,Wing,1723,22,+3.3,40,+0.4,51,+0.0%,41,+2.1,18,+0.8,23,+4.9%,22,+13.4,57,-0.3,44,+0.5%,59,-3.8
Nicolas Batum,31.9,LAC,Wing,1839,82,-3.7,85,-1.5,44,+0.2%,87,-11.5,87,-0.9,52,+0.2%,86,-19.1,69,-0.6,59,-0.5%,75,-8.9
Aron Baynes,33.9,TOR,Big,978,49,+0.1,32,+0.7,34,+0.6%,29,+5.9,92,-1.2,80,-5.3%,93,-26.0,6,+1.9,45,+0.5%,7,+20.2
Kent Bazemore,31.3,GSW,Wing,1294,91,-5.7,49,+0.1,82,-1.2%,50,-0.3,61,-0.2,85,-6.4%,62,-3.9,37,+0.3,74,-1.9%,35,+4.6
Bradley Beal,27.3,WAS,Wing,2143,8,+6.7,29,+0.8,25,+1.0%,39,+2.7,52,-0.0,46,+1.2%,82,-14.4,23,+0.9,2,+6.2%,24,+9.9
Malik Beasley,23.9,MIN,Wing,1213,30,+2.3,36,+0.5,14,+1.6%,46,+0.6,54,-0.1,49,+0.6%,65,-4.7,29,+0.6,14,+3.1%,36,+4.0
DeAndre' Bembry,26.3,TOR,Wing,947,74,-2.3,94,-2.2,25,+1.0%,94,-17.0,63,-0.2,67,-2.6%,65,-4.7,94,-1.8,27,+1.8%,95,-22.1
Davis Bertans,28.0,WAS,Forward,1462,48,+0.3,26,+1.0,95,-2.3%,12,+12.3,46,+0.1,86,-6.5%,36,+5.0,25,+0.8,92,-4.4%,17,+13.6
Patrick Beverley,32.3,LAC,Combo,823,84,-4.3,52,-0.0,24,+1.0%,42,+1.7,17,+0.8,53,+0.2%,19,+14.9,63,-0.4,48,+0.4%,57,-3.1
Bismack Biyombo,28.2,CHA,Big,1342,37,+1.5,40,+0.4,32,+0.7%,48,+0.2,53,-0.0,51,+0.4%,37,+4.0,32,+0.5,32,+1.4%,44,+0.5
Nemanja Bjelica,32.5,SAC,Big,435,61,-0.9,69,-0.7,11,+1.7%,61,-3.2,34,+0.3,48,+0.9%,24,+11.4,70,-0.6,12,+3.4%,66,-6.4
Nemanja Bjelica,32.5,MIA,Big,152,1,+11.1,89,-1.7,55,-0.1%,90,-13.2,92,-1.2,65,-2.1%,93,-27.0,54,-0.2,15,+3.1%,48,-0.3
Eric Bledsoe,30.9,NOP,Point,2108,14,+4.6,23,+1.1,34,+0.6%,14,+10.9,71,-0.4,23,+4.8%,63,-4.1,10,+1.6,29,+1.7%,5,+22.4
Bojan Bogdanovic,31.5,UTA,Forward,2207,23,+3.2,55,-0.2,55,-0.1%,50,-0.4,68,-0.3,12,+7.0%,72,-8.2,43,+0.2,80,-2.5%,39,+3.2
Devin Booker,24.0,PHX,Wing,2269,8,+6.2,36,+0.6,20,+1.2%,44,+1.4,16,+0.8,28,+3.8%,10,+22.5,63,-0.4,10,+3.7%,83,-12.7
Avery Bradley,29.9,MIA,Combo,203,45,+0.6,17,+1.4,4,+3.0%,12,+12.2,2,+1.9,17,+6.1%,5,+31.8,70,-0.6,45,+0.5%,66,-6.4
Avery Bradley,29.9,HOU,Wing,383,27,+2.7,38,+0.5,60,-0.2%,17,+9.9,11,+1.1,39,+2.0%,6,+27.8,84,-1.1,66,-1.2%,75,-8.9
Malcolm Brogdon,27.9,IND,Combo,1929,64,-1.3,86,-1.6,89,-1.6%,79,-8.2,59,-0.1,77,-4.3%,43,+2.2,92,-1.5,87,-3.4%,88,-15.1
Jaylen Brown,24.0,BOS,Wing,1995,41,+1.0,59,-0.3,41,+0.4%,73,-6.2,67,-0.3,25,+4.5%,84,-16.3,45,+0.1,31,+1.5%,49,-0.5
Reggie Bullock,29.6,NYK,Wing,1960,51,-0.0,12,+1.7,31,+0.7%,9,+13.4,61,-0.2,32,+3.1%,53,-1.2,8,+1.8,38,+1.0%,6,+21.8
Trey Burke,28.0,DAL,Point,854,44,+0.7,64,-0.5,77,-1.0%,67,-5.2,24,+0.6,35,+2.8%,25,+11.3,82,-1.0,85,-3.2%,85,-13.8
Alec Burks,29.3,NYK,Wing,1262,69,-1.9,75,-0.9,81,-1.2%,80,-8.5,59,-0.1,51,+0.3%,63,-4.0,82,-1.0,86,-3.3%,87,-14.5
Jimmy Butler,31.1,MIA,Wing,1732,93,-6.8,81,-1.3,74,-0.8%,82,-9.2,79,-0.5,12,+7.3%,81,-13.3,78,-0.9,77,-2.2%,78,-10.0
Kentavious Caldwell-Pope,27.7,LAL,Wing,1894,37,+1.5,60,-0.3,29,+0.8%,62,-3.4,50,+0.0,58,-0.8%,59,-3.2,55,-0.2,20,+2.5%,51,-1.0
Clint Capela,26.5,ATL,Big,1907,96,-8.6,78,-1.1,28,+0.8%,78,-8.1,42,+0.2,5,+10.0%,54,-1.3,90,-1.4,33,+1.3%,86,-14.2
Michael Carter-Williams,29.1,ORL,Combo,797,98,-10.8,98,-3.0,48,+0.1%,96,-18.6,97,-1.7,41,+1.7%,96,-31.2,81,-1.0,68,-1.4%,74,-8.5
Willie Cauley-Stein,27.2,DAL,Big,884,92,-6.2,49,+0.1,77,-1.0%,58,-2.3,83,-0.7,51,+0.4%,89,-21.1,31,+0.6,92,-4.6%,34,+4.7
Jordan Clarkson,28.4,UTA,Combo,1797,7,+6.8,35,+0.6,40,+0.4%,28,+6.1,21,+0.6,92,-8.5%,23,+11.8,46,+0.1,31,+1.5%,35,+4.4
Mike Conley,33.1,UTA,Point,1495,97,-10.2,73,-0.9,62,-0.3%,71,-5.8,84,-0.8,25,+4.5%,85,-16.7,49,-0.1,63,-0.9%,44,+0.6
Pat Connaughton,27.8,MIL,Wing,1568,50,+0.1,55,-0.2,17,+1.4%,73,-6.2,75,-0.4,34,+3.0%,90,-22.5,35,+0.4,26,+1.9%,44,+1.1
DeMarcus Cousins,30.2,HOU,Big,486,74,-2.6,3,+3.0,37,+0.5%,4,+19.7,28,+0.4,90,-7.9%,55,-1.8,2,+2.4,47,+0.4%,2,+32.1
DeMarcus Cousins,30.2,LAC,Big,203,78,-3.1,97,-2.7,9,+2.0%,94,-17.0,75,-0.4,12,+7.0%,63,-4.0,98,-2.7,7,+4.4%,98,-30.2
Robert Covington,29.9,POR,Big,2231,79,-3.1,83,-1.4,67,-0.5%,83,-9.9,63,-0.2,93,-8.6%,78,-12.0,85,-1.1,40,+0.8%,72,-8.0
Jae Crowder,30.3,PHX,Forward,1640,81,-3.5,43,+0.4,12,+1.7%,55,-1.5,40,+0.2,62,-1.6%,52,-0.7,40,+0.2,18,+2.7%,48,-0.3
Seth Curry,30.2,PHI,Wing,1637,64,-1.4,29,+0.8,62,-0.3%,15,+10.4,60,-0.2,52,+0.2%,43,+2.1,25,+0.8,70,-1.5%,21,+11.5
Stephen Curry,32.6,GSW,Point,2151,35,+1.6,41,+0.4,74,-0.8%,44,+1.2,23,+0.6,55,-0.3%,31,+7.6,56,-0.2,68,-1.4%,66,-6.3
Anthony Davis,27.6,LAL,Big,1161,46,+0.5,40,+0.4,41,+0.4%,34,+4.7,83,-0.7,2,+12.4%,80,-13.1,21,+1.1,43,+0.7%,14,+16.0
Ed Davis,31.4,MIN,Big,277,75,-2.7,47,+0.2,20,+1.2%,55,-1.5,86,-0.9,18,+5.8%,89,-21.8,10,+1.5,30,+1.6%,19,+12.5
DeMar DeRozan,31.2,SAS,Forward,2055,2,+10.6,7,+2.1,79,-1.1%,6,+17.9,19,+0.7,39,+1.9%,13,+20.1,12,+1.5,66,-1.2%,10,+17.9
Dewayne Dedmon,31.2,MIA,Big,207,85,-4.4,98,-3.0,37,+0.5%,99,-26.0,67,-0.3,9,+8.2%,65,-4.8,98,-3.0,7,+4.4%,99,-42.0
Matthew Dellavedova,30.1,CLE,Combo,221,43,+0.8,37,+0.5,27,+0.9%,13,+11.6,56,-0.1,35,+2.7%,42,+2.6,31,+0.6,8,+4.2%,14,+15.4
Gorgui Dieng,30.8,MEM,Big,310,18,+3.8,55,-0.2,3,+3.1%,56,-1.7,50,+0.0,66,-2.3%,56,-2.2,62,-0.4,3,+5.2%,56,-2.4
Gorgui Dieng,30.8,SAS,Big,152,0,+16.3,14,+1.6,29,+0.8%,46,+0.6,0,+3.5,22,+5.2%,0,+74.1,95,-1.9,52,+0.0%,98,-33.1
Goran Dragic,34.5,MIA,Point,1314,54,-0.2,51,-0.0,63,-0.3%,56,-1.7,48,+0.0,40,+1.8%,60,-3.3,39,+0.3,76,-2.0%,42,+1.8
Andre Drummond,27.2,CLE,Big,721,44,+0.7,73,-0.8,47,+0.1%,72,-6.2,74,-0.4,93,-8.8%,75,-10.2,68,-0.5,30,+1.6%,66,-6.1
Andre Drummond,27.2,LAL,Big,519,67,-1.7,1,+3.8,87,-1.6%,1,+28.7,18,+0.8,26,+4.3%,14,+18.8,1,+3.1,91,-4.2%,1,+35.0
Kevin Durant,32.1,BKN,Forward,1150,65,-1.4,95,-2.3,73,-0.8%,97,-19.7,85,-0.8,27,+4.0%,88,-20.5,81,-1.0,62,-0.8%,87,-14.8
Wayne Ellington,32.9,DET,Wing,1003,23,+3.1,13,+1.6,12,+1.7%,17,+9.7,74,-0.4,18,+6.0%,78,-11.9,4,+2.1,20,+2.5%,6,+21.2
Joel Embiid,26.6,PHI,Big,1584,70,-2.0,65,-0.5,80,-1.1%,54,-1.3,36,+0.3,25,+4.5%,32,+7.4,81,-1.0,76,-2.2%,73,-8.3
James Ennis,30.3,ORL,Forward,983,71,-2.1,56,-0.2,56,-0.1%,37,+3.3,71,-0.4,68,-2.9%,69,-6.1,46,+0.1,35,+1.2%,30,+7.0
Dante Exum,25.3,CLE,Wing,112,99,-12.1,100,-4.9,6,+2.4%,100,-30.2,0,+2.9,1,+13.4%,2,+41.5,100,-8.0,40,+0.9%,100,-71.0
Derrick Favors,29.3,UTA,Big,1031,1,+12.7,24,+1.1,38,+0.5%,20,+8.9,56,-0.1,84,-6.3%,67,-5.6,22,+1.0,33,+1.3%,17,+13.7
Dorian Finney-Smith,27.5,DAL,Forward,1918,48,+0.1,62,-0.4,58,-0.2%,59,-2.6,35,+0.3,43,+1.5%,42,+2.6,73,-0.7,41,+0.8%,64,-5.9
Bryn Forbes,27.3,MIL,Combo,1286,14,+4.5,4,+2.6,64,-0.4%,4,+19.8,15,+0.9,34,+2.8%,9,+23.4,8,+1.8,77,-2.2%,8,+19.2
Evan Fournier,28.0,ORL,Wing,784,15,+4.3,38,+0.5,14,+1.6%,48,+0.1,30,+0.4,25,+4.5%,69,-6.5,50,-0.1,20,+2.6%,44,+1.1
Evan Fournier,28.0,BOS,Wing,466,54,-0.3,83,-1.3,59,-0.2%,76,-7.2,25,+0.5,61,-1.4%,20,+14.0,96,-1.9,49,+0.3%,92,-17.1
Danilo Gallinari,32.2,ATL,Big,1215,40,+1.2,58,-0.3,83,-1.3%,43,+1.6,76,-0.5,95,-9.7%,72,-8.4,38,+0.3,69,-1.5%,26,+8.7
Langston Galloway,28.9,PHX,Wing,372,69,-1.9,44,+0.3,86,-1.4%,26,+6.7,62,-0.2,19,+5.7%,49,+0.1,25,+0.8,69,-1.5%,15,+15.0
Marc Gasol,35.8,LAL,Big,983,76,-2.7,99,-3.1,11,+1.8%,97,-20.4,98,-1.7,8,+8.5%,94,-29.4,84,-1.1,25,+1.9%,82,-11.7
Rudy Gay,34.2,SAS,Big,1351,97,-9.8,96,-2.5,13,+1.6%,99,-22.3,81,-0.6,54,-0.1%,80,-13.1,96,-1.9,17,+2.8%,96,-26.1
Paul George,30.5,LAC,Forward,1828,95,-8.6,98,-3.0,95,-2.3%,97,-20.8,86,-0.9,90,-7.9%,83,-15.0,95,-1.9,91,-4.3%,94,-20.7
Taj Gibson,35.4,NYK,Big,925,84,-4.2,75,-0.9,91,-1.9%,77,-7.6,43,+0.1,73,-3.5%,29,+9.0,82,-1.0,86,-3.3%,88,-15.1
Rudy Gobert,28.4,UTA,Big,2185,98,-12.1,61,-0.4,70,-0.7%,66,-4.4,37,+0.3,12,+7.2%,31,+7.6,64,-0.5,70,-1.5%,72,-8.1
Aaron Gordon,25.1,ORL,Forward,735,75,-2.7,62,-0.4,94,-2.3%,66,-4.9,41,+0.2,80,-5.1%,38,+3.7,66,-0.5,89,-3.8%,80,-10.9
Aaron Gordon,25.1,DEN,Forward,647,16,+4.2,4,+2.6,61,-0.3%,3,+20.7,17,+0.8,3,+12.0%,44,+1.9,5,+2.0,71,-1.6%,3,+29.7
Eric Gordon,31.9,HOU,Combo,782,88,-4.9,69,-0.7,52,-0.0%,51,-0.7,12,+1.0,4,+10.2%,9,+23.0,93,-1.7,44,+0.6%,88,-15.3
Jerami Grant,26.6,DET,Forward,1821,52,-0.1,67,-0.6,78,-1.0%,58,-2.4,69,-0.3,71,-3.3%,55,-1.9,56,-0.2,78,-2.3%,57,-2.7
Danny Green,33.4,PHI,Forward,1930,38,+1.3,55,-0.2,40,+0.4%,35,+4.3,29,+0.4,49,+0.6%,30,+8.8,77,-0.8,54,-0.2%,55,-2.2
Draymond Green,30.7,GSW,Big,1981,56,-0.5,83,-1.4,82,-1.2%,82,-9.7,57,-0.1,84,-6.1%,71,-6.9,88,-1.3,70,-1.5%,89,-15.7
JaMychal Green,30.4,DEN,Big,1102,72,-2.2,84,-1.5,35,+0.6%,84,-10.2,87,-0.9,75,-3.8%,82,-14.5,67,-0.5,50,+0.2%,64,-5.8
Jeff Green,34.2,BKN,Big,1818,33,+2.0,69,-0.7,27,+0.8%,64,-3.6,79,-0.5,29,+3.6%,65,-4.9,62,-0.4,45,+0.5%,60,-4.3
Blake Griffin,31.6,DET,Big,626,63,-1.1,17,+1.4,68,-0.6%,9,+13.8,62,-0.2,64,-1.8%,19,+15.0,16,+1.3,46,+0.4%,16,+14.4
Blake Griffin,31.6,BKN,Big,548,71,-2.0,48,+0.1,96,-2.4%,50,-0.3,29,+0.4,57,-0.4%,26,+10.8,56,-0.3,92,-4.5%,76,-9.2
Tim Hardaway Jr.,28.6,DAL,Wing,1978,20,+3.6,66,-0.6,78,-1.0%,74,-6.3,64,-0.2,74,-3.7%,46,+0.7,57,-0.3,81,-2.5%,74,-8.4
James Harden,31.2,HOU,Point,290,0,+18.7,28,+0.9,9,+2.1%,50,-0.4,31,+0.4,7,+8.9%,24,+11.8,47,+0.0,17,+2.8%,81,-11.6
James Harden,31.2,BKN,Point,1318,50,+0.1,34,+0.6,68,-0.6%,31,+5.6,69,-0.3,88,-7.1%,66,-5.4,26,+0.7,51,+0.2%,28,+7.7
Maurice Harkless,27.5,MIA,Forward,117,13,+4.9,0,+7.2,0,+6.1%,1,+31.2,11,+1.1,32,+3.3%,47,+0.7,0,+6.7,0,+9.7%,0,+52.3
Maurice Harkless,27.5,SAC,Forward,647,56,-0.4,60,-0.4,57,-0.2%,61,-3.3,67,-0.3,75,-3.7%,41,+2.8,54,-0.2,33,+1.3%,66,-6.4
Montrezl Harrell,26.8,LAL,Big,1540,33,+1.9,6,+2.1,72,-0.7%,11,+12.9,5,+1.6,90,-7.7%,6,+28.1,36,+0.4,62,-0.8%,40,+3.0
Gary Harris,26.1,DEN,Wing,581,56,-0.4,69,-0.7,90,-1.8%,63,-3.6,63,-0.2,8,+8.4%,88,-19.8,63,-0.4,98,-6.6%,41,+2.2
Gary Harris,26.1,ORL,Wing,494,30,+2.3,6,+2.1,1,+4.0%,36,+4.2,3,+1.7,28,+3.8%,8,+25.6,35,+0.4,2,+5.9%,65,-6.1
Joe Harris,29.2,BKN,Wing,2132,84,-4.2,79,-1.1,66,-0.5%,76,-7.3,52,-0.0,41,+1.8%,39,+3.4,87,-1.3,82,-2.9%,86,-14.0
Tobias Harris,28.3,PHI,Forward,2013,68,-1.9,70,-0.7,51,+0.0%,54,-1.4,70,-0.3,78,-4.8%,62,-3.9,68,-0.5,65,-1.1%,58,-3.6
Gordon Hayward,30.6,CHA,Forward,1496,70,-2.0,28,+0.9,62,-0.3%,15,+10.6,54,-0.1,38,+2.0%,37,+3.9,22,+1.0,54,-0.1%,16,+14.3
Juan Hernangomez,25.1,MIN,Big,856,15,+4.3,47,+0.2,88,-1.6%,42,+1.9,67,-0.3,54,-0.1%,71,-7.1,27,+0.7,87,-3.4%,26,+8.7
Willy Hernangomez,26.4,NOP,Big,788,28,+2.6,59,-0.3,90,-1.8%,70,-5.7,51,-0.0,16,+6.2%,60,-3.3,64,-0.5,96,-5.3%,74,-8.8
Buddy Hield,27.9,SAC,Wing,2432,55,-0.4,46,+0.2,75,-0.9%,42,+1.8,37,+0.3,64,-1.9%,35,+5.1,63,-0.4,43,+0.7%,60,-4.2
George Hill,34.5,OKC,Wing,368,19,+3.7,78,-1.1,93,-2.1%,83,-9.8,100,-2.3,80,-5.1%,100,-58.7,13,+1.4,62,-0.7%,22,+11.3
George Hill,34.5,PHI,Combo,295,10,+5.3,77,-1.0,44,+0.3%,82,-9.3,88,-1.0,2,+12.4%,89,-21.5,47,+0.0,49,+0.3%,53,-1.6
Solomon Hill,29.6,ATL,Forward,1472,22,+3.3,64,-0.5,72,-0.7%,59,-2.5,39,+0.2,37,+2.3%,25,+11.3,69,-0.6,82,-2.9%,69,-7.0
Jrue Holiday,30.4,MIL,Combo,1918,81,-3.4,86,-1.6,46,+0.2%,81,-8.8,38,+0.2,69,-3.0%,23,+12.4,95,-1.8,17,+2.8%,92,-16.8
Justin Holiday,31.6,IND,Forward,2167,62,-1.0,76,-1.0,60,-0.2%,82,-9.0,62,-0.2,24,+4.6%,75,-10.6,78,-0.9,79,-2.3%,75,-8.9
Richaun Holmes,27.0,SAC,Big,1780,81,-3.6,81,-1.3,71,-0.7%,85,-10.8,48,+0.0,8,+8.4%,67,-5.7,88,-1.3,75,-2.0%,86,-14.0
Rodney Hood,28.0,POR,Wing,712,57,-0.5,88,-1.7,28,+0.8%,88,-12.0,53,-0.0,42,+1.6%,49,+0.1,95,-1.9,73,-1.8%,94,-20.9
Rodney Hood,28.0,TOR,Wing,213,62,-1.0,97,-2.9,95,-2.3%,95,-18.2,94,-1.3,100,-24.6%,98,-38.5,93,-1.7,58,-0.4%,82,-11.9
Al Horford,34.4,OKC,Big,779,92,-6.2,36,+0.6,49,+0.1%,33,+4.9,92,-1.2,49,+0.6%,78,-12.1,9,+1.7,25,+1.9%,15,+14.8
Danuel House,27.4,HOU,Wing,896,57,-0.5,23,+1.1,20,+1.2%,20,+8.8,5,+1.5,50,+0.6%,5,+32.3,65,-0.5,15,+3.1%,61,-4.9
Dwight Howard,34.9,PHI,Big,1156,27,+2.7,30,+0.8,19,+1.3%,52,-1.1,58,-0.1,79,-4.9%,69,-6.4,18,+1.2,5,+4.7%,31,+6.5
Serge Ibaka,31.1,LAC,Big,954,62,-1.0,76,-1.0,23,+1.0%,62,-3.3,57,-0.1,16,+6.2%,49,+0.0,67,-0.5,64,-1.0%,55,-2.2
Andre Iguodala,36.8,MIA,Forward,1329,59,-0.6,89,-1.7,88,-1.6%,90,-13.6,93,-1.2,81,-5.6%,92,-24.4,58,-0.3,88,-3.5%,67,-6.6
Ersan Ilyasova,33.5,UTA,Big,112,79,-3.1,96,-2.6,1,+4.3%,92,-14.5,2,+2.1,10,+7.9%,11,+22.2,100,-5.5,3,+5.2%,100,-55.2
Joe Ingles,33.1,UTA,Forward,1863,45,+0.7,8,+2.1,83,-1.2%,7,+16.4,10,+1.1,77,-4.3%,8,+24.1,27,+0.7,80,-2.5%,26,+8.3
Brandon Ingram,23.2,NOP,Forward,2089,33,+1.9,48,+0.1,83,-1.2%,32,+5.1,46,+0.1,58,-0.8%,26,+10.8,45,+0.1,40,+0.8%,37,+3.8
Kyrie Irving,28.6,BKN,Combo,1884,25,+2.9,85,-1.5,93,-2.1%,81,-8.8,58,-0.1,34,+3.0%,36,+4.9,87,-1.2,84,-3.0%,84,-13.0
Reggie Jackson,30.5,LAC,Combo,1508,48,+0.3,8,+1.9,55,-0.1%,11,+12.6,21,+0.6,68,-2.9%,14,+19.3,20,+1.1,47,+0.4%,27,+7.9
LeBron James,35.8,LAL,Wing,1500,91,-5.8,50,+0.0,40,+0.4%,41,+2.2,57,-0.1,4,+10.5%,59,-2.8,42,+0.2,34,+1.2%,32,+6.1
James Johnson,33.7,DAL,Forward,477,28,+2.6,22,+1.2,8,+2.1%,31,+5.3,12,+1.0,64,-1.8%,17,+16.0,42,+0.2,15,+3.0%,46,-0.0
James Johnson,33.7,NOP,Forward,537,15,+4.4,68,-0.6,18,+1.4%,79,-8.2,22,+0.6,36,+2.6%,25,+11.0,93,-1.7,25,+2.0%,95,-23.9
Stanley Johnson,24.4,TOR,Forward,973,29,+2.5,26,+1.0,27,+0.8%,31,+5.3,15,+0.9,71,-3.4%,12,+20.5,39,+0.3,39,+0.9%,42,+1.8
Tyler Johnson,28.5,BKN,Combo,632,51,-0.1,11,+1.8,6,+2.5%,25,+7.3,26,+0.5,19,+5.7%,46,+0.8,14,+1.4,6,+4.7%,15,+14.6
Nikola Jokic,25.7,DEN,Big,2487,8,+6.8,6,+2.3,79,-1.0%,5,+19.5,8,+1.2,22,+5.1%,12,+20.5,16,+1.3,82,-2.8%,7,+20.3
Damian Jones,25.3,SAC,Big,326,76,-2.9,37,+0.5,2,+3.5%,45,+1.0,39,+0.2,15,+6.4%,67,-5.7,36,+0.4,9,+3.8%,38,+3.4
Tyus Jones,24.5,MEM,Point,1153,63,-1.2,84,-1.5,55,-0.1%,88,-11.8,35,+0.3,66,-2.2%,33,+6.5,89,-1.3,67,-1.3%,92,-16.8
Derrick Jones Jr.,23.7,POR,Wing,1298,44,+0.7,17,+1.4,44,+0.3%,20,+8.9,10,+1.1,40,+1.9%,17,+16.4,37,+0.4,71,-1.6%,34,+4.9
DeAndre Jordan,32.3,BKN,Big,1231,17,+4.0,34,+0.6,17,+1.4%,38,+3.1,48,+0.0,70,-3.0%,59,-3.1,25,+0.8,10,+3.7%,23,+10.0
Cory Joseph,29.2,SAC,Combo,926,22,+3.3,43,+0.3,10,+1.8%,49,-0.1,43,+0.1,31,+3.4%,58,-2.5,37,+0.3,38,+1.0%,49,-0.4
Cory Joseph,29.2,DET,Combo,490,54,-0.2,98,-3.0,93,-2.1%,91,-13.7,99,-2.0,74,-3.7%,97,-35.7,85,-1.1,66,-1.2%,62,-5.0
Frank Kaminsky,27.6,PHX,Big,677,26,+2.7,42,+0.4,52,-0.0%,40,+2.5,23,+0.6,57,-0.5%,14,+18.4,59,-0.3,37,+1.1%,70,-7.4
Enes Kanter,28.5,POR,Big,1727,27,+2.7,5,+2.6,60,-0.2%,7,+15.4,16,+0.8,3,+11.1%,17,+16.4,11,+1.5,27,+1.7%,18,+13.3
Zach LaVine,25.6,CHI,Wing,2028,17,+3.9,52,-0.0,51,+0.0%,45,+1.0,26,+0.5,4,+10.3%,32,+7.3,69,-0.5,57,-0.3%,57,-3.2
Jeremy Lamb,28.4,IND,Wing,757,29,+2.5,44,+0.3,21,+1.2%,42,+2.0,84,-0.7,63,-1.7%,76,-11.3,15,+1.3,3,+5.3%,20,+12.2
Jake Layman,26.7,MIN,Forward,563,88,-4.9,95,-2.5,91,-1.8%,89,-12.9,87,-0.9,65,-2.0%,88,-20.4,94,-1.8,93,-4.8%,82,-12.3
Caris LeVert,26.2,BKN,Combo,325,47,+0.4,35,+0.6,22,+1.1%,46,+0.6,36,+0.3,85,-6.5%,70,-6.8,75,-0.8,32,+1.4%,85,-13.7
Caris LeVert,26.2,IND,Wing,1148,40,+1.1,46,+0.2,48,+0.1%,44,+1.4,29,+0.4,67,-2.5%,29,+9.3,49,-0.0,49,+0.2%,51,-1.1
Alex Len,27.4,WAS,Big,880,49,+0.1,65,-0.5,15,+1.5%,75,-7.0,74,-0.4,19,+5.8%,90,-22.1,53,-0.2,34,+1.2%,52,-1.2
Kawhi Leonard,29.3,LAC,Forward,1769,74,-2.3,55,-0.1,68,-0.6%,60,-2.6,65,-0.2,23,+5.1%,72,-8.0,45,+0.1,82,-2.6%,51,-1.1
Damian Lillard,30.3,POR,Point,2396,15,+4.2,16,+1.5,50,+0.0%,21,+8.6,4,+1.6,71,-3.4%,3,+39.9,51,-0.1,26,+1.9%,61,-4.9
Kevon Looney,24.7,GSW,Big,1149,78,-3.0,17,+1.4,75,-0.9%,14,+11.5,3,+1.8,17,+6.1%,4,+34.7,69,-0.6,74,-1.9%,76,-9.3
Brook Lopez,32.6,MIL,Big,1901,76,-2.8,58,-0.3,28,+0.8%,56,-1.8,47,+0.0,51,+0.3%,42,+2.4,65,-0.5,12,+3.4%,63,-5.5
Robin Lopez,32.6,WAS,Big,1336,83,-4.1,72,-0.8,42,+0.3%,68,-5.3,78,-0.5,76,-4.0%,61,-3.6,61,-0.4,30,+1.6%,65,-5.9
Kevin Love,32.2,CLE,Big,621,46,+0.5,63,-0.5,25,+1.0%,57,-2.1,40,+0.2,10,+7.9%,30,+8.8,80,-0.9,21,+2.5%,75,-8.9
Kyle Lowry,34.6,TOR,Point,1598,33,+1.9,21,+1.2,64,-0.4%,13,+11.6,49,+0.0,46,+1.2%,57,-2.3,20,+1.1,58,-0.4%,12,+16.9
Timothe Luwawu-Cabarrot,25.5,BKN,Wing,956,19,+3.6,6,+2.3,22,+1.1%,10,+13.1,30,+0.4,74,-3.6%,37,+4.4,5,+2.0,28,+1.7%,9,+18.8
Trey Lyles,25.0,SAS,Big,306,27,+2.6,64,-0.5,46,+0.2%,58,-2.5,68,-0.3,95,-9.8%,40,+2.9,49,-0.1,64,-1.0%,52,-1.3
Boban Marjanovic,32.2,DAL,Big,224,89,-5.3,37,+0.5,8,+2.2%,47,+0.4,73,-0.4,48,+0.8%,77,-11.7,18,+1.2,1,+7.8%,24,+9.7
Wesley Matthews,34.1,LAL,Wing,1112,49,+0.1,38,+0.5,80,-1.1%,35,+4.2,27,+0.5,79,-5.0%,20,+14.5,53,-0.2,83,-2.9%,61,-4.7
CJ McCollum,29.1,POR,Combo,1593,89,-5.4,96,-2.7,82,-1.2%,93,-16.2,96,-1.5,94,-9.5%,94,-28.8,80,-0.9,60,-0.6%,72,-8.1
TJ McConnell,28.6,IND,Point,1765,53,-0.2,24,+1.1,61,-0.3%,20,+8.9,80,-0.6,34,+2.8%,83,-15.7,12,+1.5,61,-0.7%,7,+19.7
Doug McDermott,28.8,IND,Forward,1607,28,+2.5,9,+1.9,23,+1.1%,10,+12.9,31,+0.4,30,+3.6%,38,+3.7,17,+1.2,41,+0.8%,16,+14.0
JaVale McGee,32.8,CLE,Big,486,83,-3.7,31,+0.7,7,+2.3%,34,+4.6,8,+1.3,33,+3.0%,8,+25.8,56,-0.3,13,+3.3%,57,-3.2
JaVale McGee,32.8,DEN,Big,160,90,-5.4,83,-1.4,3,+3.1%,91,-13.8,73,-0.4,92,-8.3%,70,-6.7,90,-1.4,0,+13.8%,92,-16.9
Rodney McGruder,29.3,DET,Combo,183,7,+6.8,82,-1.3,99,-3.5%,57,-2.1,85,-0.8,96,-10.2%,68,-6.0,52,-0.2,81,-2.5%,36,+4.2
Ben McLemore,27.7,HOU,Wing,433,53,-0.2,60,-0.4,4,+2.6%,86,-11.2,81,-0.6,31,+3.3%,86,-18.3,27,+0.7,5,+4.7%,53,-1.6
Ben McLemore,27.7,LAL,Wing,349,20,+3.6,11,+1.8,13,+1.6%,8,+14.0,13,+1.0,48,+0.8%,11,+21.7,19,+1.1,22,+2.4%,25,+9.2
Khris Middleton,29.2,MIL,Forward,2264,50,+0.1,22,+1.2,53,-0.0%,16,+10.4,22,+0.6,44,+1.4%,15,+17.8,36,+0.4,37,+1.1%,33,+5.6
Darius Miller,30.6,OKC,Wing,175,99,-12.3,74,-0.9,99,-3.2%,46,+0.7,39,+0.2,98,-12.4%,18,+15.8,86,-1.1,83,-3.0%,88,-15.1
Patty Mills,32.2,SAS,Combo,1682,90,-5.7,66,-0.6,19,+1.3%,69,-5.5,59,-0.1,4,+10.6%,53,-0.7,64,-0.5,39,+0.9%,71,-7.8
Paul Millsap,35.7,DEN,Big,1154,41,+1.0,12,+1.7,59,-0.2%,13,+11.5,29,+0.4,52,+0.2%,21,+13.5,14,+1.4,51,+0.1%,18,+12.7
E'Twaun Moore,31.7,PHX,Combo,331,73,-2.3,18,+1.4,60,-0.2%,18,+9.4,78,-0.5,20,+5.5%,81,-13.4,4,+2.1,72,-1.6%,3,+26.3
Marcus Morris,31.2,LAC,Big,1495,7,+6.8,11,+1.8,58,-0.2%,18,+9.7,27,+0.4,71,-3.4%,58,-2.5,12,+1.5,51,+0.0%,11,+17.0
Markieff Morris,31.2,LAL,Big,1175,39,+1.3,49,+0.1,16,+1.5%,60,-2.6,6,+1.4,59,-0.9%,18,+15.0,89,-1.3,21,+2.5%,87,-14.7
Dejounte Murray,24.1,SAS,Point,2137,94,-6.9,78,-1.1,69,-0.7%,74,-6.6,56,-0.1,67,-2.4%,44,+1.9,81,-1.0,49,+0.3%,78,-10.1
Jamal Murray,23.7,DEN,Combo,1700,59,-0.6,73,-0.8,92,-1.9%,55,-1.6,72,-0.4,90,-7.9%,57,-2.3,67,-0.5,75,-2.0%,50,-1.0
Mike Muscala,29.3,OKC,Big,630,99,-13.3,91,-2.0,85,-1.4%,78,-8.1,59,-0.1,82,-5.6%,51,-0.4,96,-2.0,90,-3.9%,93,-17.5
Larry Nance Jr.,27.8,CLE,Big,1091,96,-9.2,87,-1.6,6,+2.5%,82,-9.3,95,-1.5,50,+0.5%,94,-28.4,53,-0.2,8,+4.2%,46,-0.0
Raul Neto,28.5,WAS,Combo,1375,70,-2.0,68,-0.7,51,+0.0%,74,-6.7,46,+0.1,68,-2.9%,53,-1.2,73,-0.7,24,+2.2%,70,-7.4
Georges Niang,27.4,UTA,Forward,1099,92,-6.2,91,-1.9,49,+0.1%,91,-14.3,33,+0.3,77,-4.5%,31,+8.0,97,-2.3,42,+0.8%,96,-26.4
Nerlens Noel,26.6,NYK,Big,1541,20,+3.5,31,+0.7,38,+0.5%,27,+6.6,37,+0.2,69,-2.9%,45,+1.4,28,+0.7,34,+1.2%,23,+10.2
Jusuf Nurkic,26.2,POR,Big,877,97,-9.7,97,-2.7,47,+0.2%,94,-16.4,89,-1.0,96,-10.4%,83,-15.5,92,-1.5,56,-0.3%,89,-15.4
Jahlil Okafor,24.9,DET,Big,335,42,+0.9,2,+3.1,12,+1.7%,15,+10.5,7,+1.3,8,+8.4%,50,-0.2,7,+1.9,60,-0.6%,11,+17.1
Victor Oladipo,28.5,IND,Wing,299,2,+10.6,85,-1.5,97,-2.7%,97,-20.3,41,+0.2,99,-16.7%,67,-5.5,88,-1.3,49,+0.3%,97,-28.7
Victor Oladipo,28.5,HOU,Combo,668,90,-5.6,70,-0.7,91,-1.9%,48,+0.1,95,-1.4,15,+6.4%,91,-23.7,35,+0.4,94,-4.9%,23,+10.7
Victor Oladipo,28.5,MIA,Combo,111,82,-3.6,39,+0.5,2,+3.5%,40,+2.2,4,+1.6,11,+7.5%,13,+20.5,97,-2.1,57,-0.3%,96,-26.0
Kelly Olynyk,29.5,MIA,Big,1130,65,-1.5,67,-0.6,18,+1.4%,64,-3.8,51,-0.0,40,+1.8%,62,-3.8,74,-0.7,6,+4.6%,62,-5.0
Kelly Olynyk,29.5,HOU,Big,821,47,+0.4,98,-3.1,79,-1.0%,96,-19.2,99,-2.2,97,-11.2%,98,-37.3,83,-1.0,23,+2.3%,79,-10.6
Kelly Oubre,24.9,GSW,Wing,1673,37,+1.5,48,+0.1,6,+2.5%,51,-0.8,41,+0.2,29,+3.7%,47,+0.5,54,-0.2,7,+4.4%,56,-2.4
Jabari Parker,25.6,BOS,Big,123,100,-17.4,8,+2.0,15,+1.5%,19,+8.9,7,+1.3,21,+5.2%,10,+22.5,26,+0.7,68,-1.4%,50,-0.9
Patrick Patterson,31.6,LAC,Big,521,35,+1.5,87,-1.6,71,-0.7%,89,-12.6,34,+0.3,12,+7.0%,20,+14.1,95,-1.9,60,-0.6%,95,-22.4
Chris Paul,35.5,PHX,Point,2202,78,-3.0,75,-0.9,62,-0.3%,69,-5.5,47,+0.1,45,+1.3%,48,+0.3,79,-0.9,73,-1.7%,72,-8.0
Cameron Payne,26.2,PHX,Point,1003,34,+1.7,53,-0.1,61,-0.2%,47,+0.3,80,-0.6,84,-6.1%,75,-10.6,37,+0.3,36,+1.2%,38,+3.5
Elfrid Payton,26.7,NYK,Point,1482,9,+6.1,25,+1.1,4,+2.6%,35,+4.2,20,+0.6,26,+4.3%,27,+10.5,40,+0.2,4,+5.2%,47,-0.1
Mason Plumlee,30.7,DET,Big,1498,20,+3.6,46,+0.2,23,+1.0%,32,+5.1,34,+0.3,18,+6.0%,21,+13.7,52,-0.1,42,+0.8%,45,+0.3
Jakob Poeltl,25.0,SAS,Big,1840,87,-4.8,92,-2.0,83,-1.2%,90,-13.6,78,-0.5,96,-10.3%,85,-17.9,91,-1.5,45,+0.5%,80,-10.9
Otto Porter,27.4,CHI,Forward,540,45,+0.6,56,-0.3,46,+0.2%,63,-3.5,44,+0.1,35,+2.7%,55,-1.8,74,-0.7,61,-0.7%,73,-8.3
Bobby Portis,25.7,MIL,Big,1322,25,+3.0,79,-1.1,67,-0.5%,80,-8.7,85,-0.8,73,-3.6%,89,-21.5,54,-0.2,75,-1.9%,54,-2.1
Kristaps Porzingis,25.3,DAL,Big,1326,9,+5.5,43,+0.3,15,+1.5%,34,+4.7,65,-0.2,10,+8.0%,74,-9.2,32,+0.5,16,+3.0%,22,+11.2
Dwight Powell,29.3,DAL,Big,920,64,-1.3,39,+0.4,81,-1.2%,26,+6.9,26,+0.5,91,-8.2%,13,+19.8,50,-0.1,57,-0.3%,41,+1.9
Norman Powell,27.4,TOR,Wing,1277,21,+3.4,39,+0.4,31,+0.7%,52,-1.0,6,+1.4,17,+6.1%,12,+21.3,59,-0.3,35,+1.2%,62,-5.1
Norman Powell,27.4,POR,Wing,919,92,-6.4,53,-0.1,76,-0.9%,36,+4.0,36,+0.3,78,-4.8%,25,+11.1,50,-0.1,66,-1.2%,37,+3.6
Taurean Prince,26.6,BKN,Forward,212,4,+8.8,22,+1.2,36,+0.5%,25,+7.7,24,+0.6,82,-5.7%,41,+2.9,78,-0.9,36,+1.1%,78,-10.1
Taurean Prince,26.6,CLE,Forward,677,23,+3.1,54,-0.1,43,+0.3%,64,-3.8,81,-0.6,18,+6.0%,78,-12.0,30,+0.6,21,+2.5%,43,+1.2
Julius Randle,25.9,NYK,Big,2663,50,+0.1,62,-0.4,24,+1.0%,80,-8.6,33,+0.3,16,+6.3%,41,+2.8,75,-0.8,55,-0.3%,87,-14.6
JJ Redick,36.4,NOP,Wing,571,34,+1.8,27,+0.9,31,+0.7%,31,+5.6,25,+0.5,38,+2.3%,22,+12.8,30,+0.6,58,-0.4%,41,+2.2
JJ Redick,36.4,DAL,Combo,142,100,-21.5,74,-0.9,26,+1.0%,67,-5.0,1,+2.3,85,-6.4%,1,+44.7,99,-3.1,40,+0.8%,97,-30.1
Josh Richardson,27.1,DAL,Combo,1781,10,+5.4,49,+0.1,89,-1.7%,38,+3.2,72,-0.4,82,-5.7%,58,-2.5,33,+0.5,80,-2.5%,30,+6.9
Austin Rivers,28.3,NYK,Wing,437,6,+7.2,79,-1.2,90,-1.7%,77,-7.4,51,-0.0,70,-3.0%,33,+6.9,85,-1.1,83,-2.9%,86,-13.9
Austin Rivers,28.3,DEN,Wing,402,42,+0.9,95,-2.3,59,-0.2%,98,-22.2,39,+0.2,97,-11.1%,21,+13.8,98,-2.6,3,+5.4%,99,-37.4
Glenn Robinson III,26.8,SAC,Forward,352,3,+9.3,35,+0.6,26,+0.9%,41,+2.1,52,-0.0,11,+7.6%,82,-14.3,31,+0.6,65,-1.1%,26,+8.7
Rajon Rondo,34.7,ATL,Point,392,52,-0.1,96,-2.7,56,-0.1%,88,-12.0,72,-0.4,100,-19.0%,40,+3.2,97,-2.4,26,+1.9%,93,-17.2
Rajon Rondo,34.7,LAC,Point,379,75,-2.6,99,-3.2,48,+0.1%,98,-22.2,96,-1.6,98,-13.7%,97,-33.3,91,-1.5,65,-1.0%,89,-15.4
Derrick Rose,32.1,DET,Point,341,30,+2.3,39,+0.4,99,-4.1%,28,+6.3,11,+1.1,40,+1.8%,6,+27.7,77,-0.8,100,-8.9%,78,-10.0
Derrick Rose,32.1,NYK,Point,936,92,-6.4,64,-0.5,98,-2.8%,49,-0.0,37,+0.2,83,-5.8%,28,+10.2,75,-0.8,88,-3.6%,63,-5.1
Terrence Ross,29.7,ORL,Wing,1339,67,-1.8,20,+1.3,74,-0.8%,19,+9.0,19,+0.7,63,-1.8%,19,+14.9,32,+0.5,64,-1.0%,33,+5.7
Terry Rozier,26.6,CHA,Combo,2375,16,+4.2,5,+2.4,61,-0.2%,8,+14.5,19,+0.7,9,+8.2%,24,+11.7,9,+1.7,56,-0.3%,13,+16.3
Ricky Rubio,30.0,MIN,Point,1764,59,-0.6,29,+0.8,47,+0.1%,24,+7.9,18,+0.7,41,+1.7%,17,+16.1,44,+0.1,42,+0.7%,35,+4.7
D'Angelo Russell,24.7,MIN,Combo,1191,11,+5.1,24,+1.1,49,+0.1%,27,+6.5,51,-0.0,67,-2.3%,55,-1.8,19,+1.2,40,+0.8%,23,+10.2
Domantas Sabonis,24.5,IND,Big,2226,69,-1.9,61,-0.4,30,+0.7%,65,-4.1,45,+0.1,53,+0.1%,67,-5.5,59,-0.4,63,-0.9%,54,-2.1
JaKarr Sampson,27.6,IND,Big,289,58,-0.6,44,+0.3,53,-0.0%,33,+4.9,61,-0.2,9,+8.2%,39,+3.4,30,+0.6,23,+2.2%,27,+8.0
Dario Saric,26.6,PHX,Big,838,87,-4.7,82,-1.3,89,-1.7%,75,-6.8,94,-1.3,67,-2.3%,90,-22.7,57,-0.3,88,-3.6%,54,-1.9
Tomas Satoransky,29.0,CHI,Combo,1288,63,-1.1,94,-2.2,84,-1.3%,95,-18.3,66,-0.3,89,-7.5%,49,+0.2,94,-1.8,75,-1.9%,97,-29.1
Dennis Schroder,27.1,LAL,Point,1950,15,+4.4,53,-0.1,48,+0.1%,50,-0.3,43,+0.1,23,+5.0%,51,-0.3,57,-0.3,39,+0.9%,48,-0.3
Mike Scott,32.3,PHI,Big,788,36,+1.5,57,-0.3,4,+2.6%,63,-3.6,47,+0.1,38,+2.2%,49,+0.2,62,-0.4,12,+3.4%,61,-4.8
Pascal Siakam,26.6,TOR,Big,2002,55,-0.3,27,+0.9,82,-1.2%,17,+9.8,17,+0.8,10,+8.0%,15,+18.2,44,+0.1,87,-3.4%,34,+5.0
Ben Simmons,24.3,PHI,Point,1874,76,-2.8,46,+0.2,43,+0.3%,32,+5.2,51,-0.0,57,-0.5%,45,+1.2,38,+0.3,45,+0.5%,32,+6.0
Marcus Smart,26.7,BOS,Combo,1575,54,-0.3,11,+1.8,22,+1.1%,10,+13.1,8,+1.3,39,+2.0%,10,+22.6,33,+0.5,20,+2.6%,28,+7.5
Ish Smith,32.3,WAS,Combo,899,65,-1.4,68,-0.7,98,-2.8%,55,-1.5,58,-0.1,75,-3.8%,36,+4.9,75,-0.8,98,-6.3%,73,-8.2
Tony Snell,29.0,ATL,Wing,977,38,+1.4,42,+0.4,63,-0.3%,44,+1.3,40,+0.2,56,-0.4%,48,+0.3,46,+0.0,41,+0.8%,49,-0.5
Jeff Teague,32.4,BOS,Combo,616,71,-2.1,51,-0.0,8,+2.1%,59,-2.5,18,+0.8,20,+5.5%,27,+10.3,73,-0.7,5,+4.7%,75,-9.0
Jeff Teague,32.4,MIL,Combo,314,34,+1.8,71,-0.8,5,+2.6%,89,-12.4,90,-1.0,32,+3.2%,96,-32.4,39,+0.3,18,+2.8%,61,-4.8
Garrett Temple,34.5,CHI,Wing,1525,67,-1.7,57,-0.3,61,-0.3%,52,-1.1,52,-0.0,41,+1.8%,64,-4.5,53,-0.2,77,-2.2%,40,+2.5
Tristan Thompson,29.6,BOS,Big,1285,60,-0.8,50,+0.1,35,+0.6%,44,+1.3,58,-0.1,33,+3.1%,48,+0.3,46,+0.0,11,+3.5%,47,-0.2
Karl-Anthony Towns,25.0,MIN,Big,1687,45,+0.7,19,+1.4,66,-0.5%,17,+10.0,35,+0.3,59,-1.0%,23,+12.5,24,+0.9,21,+2.4%,28,+7.6
PJ Tucker,35.5,HOU,Big,958,14,+4.5,24,+1.1,29,+0.8%,25,+7.4,88,-1.0,13,+6.7%,59,-2.9,5,+2.0,16,+2.9%,13,+16.2
PJ Tucker,35.5,MIL,Forward,408,0,+13.2,15,+1.5,64,-0.4%,18,+9.5,7,+1.3,44,+1.3%,2,+43.0,42,+0.2,44,+0.6%,58,-3.4
Myles Turner,24.6,IND,Big,1453,90,-5.6,88,-1.6,80,-1.1%,89,-12.5,58,-0.1,88,-7.4%,52,-0.5,93,-1.7,59,-0.5%,94,-20.9
Jonas Valanciunas,28.5,MEM,Big,1755,80,-3.2,23,+1.1,18,+1.3%,34,+4.7,13,+1.0,6,+9.4%,27,+10.2,44,+0.1,23,+2.2%,52,-1.2
Denzel Valentine,27.0,CHI,Wing,1006,86,-4.5,77,-1.0,57,-0.2%,84,-9.9,70,-0.3,81,-5.3%,50,-0.3,79,-0.9,38,+1.0%,93,-18.2
Fred VanVleet,26.7,TOR,Combo,1898,79,-3.2,77,-1.0,98,-2.8%,70,-5.8,77,-0.5,63,-1.7%,62,-3.8,73,-0.7,95,-5.1%,76,-9.2
Nikola Vucevic,30.0,ORL,Big,1500,5,+8.2,24,+1.1,22,+1.1%,27,+6.5,56,-0.1,24,+4.7%,83,-15.7,18,+1.2,73,-1.7%,20,+11.9
Nikola Vucevic,30.0,CHI,Big,842,19,+3.7,25,+1.1,34,+0.6%,24,+8.0,3,+1.7,8,+8.5%,4,+35.3,70,-0.6,57,-0.3%,69,-7.2
Kemba Walker,30.5,BOS,Point,1364,52,-0.1,20,+1.3,65,-0.4%,22,+8.5,52,-0.0,81,-5.3%,58,-2.6,21,+1.1,53,-0.1%,19,+12.4
John Wall,30.2,HOU,Combo,1282,88,-4.9,45,+0.3,42,+0.4%,46,+0.9,14,+0.9,35,+2.6%,10,+22.7,69,-0.6,41,+0.8%,83,-12.3
TJ Warren,27.2,IND,Forward,117,80,-3.2,90,-1.8,75,-0.9%,79,-8.2,12,+1.1,8,+8.5%,9,+23.2,98,-2.9,89,-3.7%,99,-38.6
Russell Westbrook,32.0,WAS,Point,2361,74,-2.6,71,-0.8,54,-0.1%,45,+1.1,82,-0.7,49,+0.6%,61,-3.6,51,-0.1,55,-0.2%,34,+4.8
Hassan Whiteside,31.4,SAC,Big,544,38,+1.4,28,+0.9,33,+0.6%,31,+5.4,34,+0.3,93,-8.5%,34,+6.2,25,+0.8,13,+3.3%,26,+8.2
Andrew Wiggins,25.7,GSW,Forward,2356,72,-2.2,34,+0.6,38,+0.5%,24,+7.9,25,+0.5,91,-8.1%,23,+12.4,48,-0.0,10,+3.7%,39,+3.3
Lou Williams,34.0,LAC,Combo,908,38,+1.4,38,+0.5,9,+2.0%,30,+5.7,71,-0.4,3,+11.1%,80,-13.3,29,+0.6,8,+4.0%,16,+14.0
Lou Williams,34.0,ATL,Combo,493,21,+3.4,59,-0.3,21,+1.1%,58,-2.1,94,-1.3,89,-7.6%,81,-13.8,18,+1.2,10,+3.7%,24,+9.8
Justise Winslow,24.6,MEM,Forward,491,59,-0.7,72,-0.8,50,+0.0%,65,-4.0,23,+0.6,92,-8.3%,16,+17.0,77,-0.9,55,-0.3%,72,-8.1
Christian Wood,25.1,HOU,Big,1323,83,-3.8,35,+0.6,30,+0.8%,37,+3.8,64,-0.2,27,+4.0%,51,-0.4,30,+0.6,28,+1.7%,36,+4.1
Delon Wright,28.5,DET,Combo,1050,30,+2.3,46,+0.2,79,-1.1%,34,+4.8,65,-0.2,93,-8.8%,41,+2.8,30,+0.6,52,+0.0%,25,+9.6
Delon Wright,28.5,SAC,Combo,691,66,-1.6,66,-0.6,53,-0.1%,68,-5.3,78,-0.5,76,-4.1%,65,-4.7,64,-0.5,52,+0.0%,75,-9.0
Thaddeus Young,32.4,CHI,Big,1649,55,-0.3,74,-0.9,84,-1.3%,74,-6.4,70,-0.3,76,-4.2%,68,-5.9,71,-0.6,43,+0.6%,68,-7.0
Cody Zeller,28.1,CHA,Big,992,44,+0.7,30,+0.8,58,-0.2%,23,+8.2,44,+0.1,60,-1.3%,66,-5.5,31,+0.6,53,-0.1%,16,+14.5
Ivica Zubac,23.6,LAC,Big,1578,64,-1.2,8,+2.0,47,+0.2%,12,+11.8,27,+0.4,70,-3.0%,33,+7.0,15,+1.4,31,+1.5%,20,+12.3
Chasson Randle,27.7,ORL,Point,754,26,+2.8,60,-0.4,71,-0.7%,54,-1.4,22,+0.6,79,-5.0%,18,+15.7,86,-1.2,70,-1.5%,82,-12.1
David Nwaba,27.8,HOU,Wing,654,95,-7.3,72,-0.8,21,+1.1%,81,-8.7,68,-0.3,29,+3.7%,81,-14.3,65,-0.5,13,+3.3%,65,-6.1
Chris Boucher,27.8,TOR,Big,1441,51,-0.1,62,-0.5,30,+0.8%,72,-6.2,47,+0.1,31,+3.5%,45,+1.4,65,-0.5,22,+2.4%,77,-9.4
Torrey Craig,29.9,MIL,Forward,156,3,+9.6,30,+0.8,59,-0.2%,86,-11.3,88,-1.0,13,+6.8%,99,-45.3,3,+2.1,93,-4.7%,22,+11.2
Torrey Craig,29.9,PHX,Big,587,4,+9.2,33,+0.7,56,-0.1%,16,+10.2,9,+1.2,68,-2.8%,3,+40.5,66,-0.5,46,+0.4%,67,-6.6
Monte Morris,25.3,DEN,Combo,1182,61,-0.9,88,-1.7,88,-1.6%,87,-11.4,72,-0.4,70,-3.1%,55,-1.7,89,-1.3,76,-2.1%,89,-15.3
Lonzo Ball,23.0,NOP,Combo,1738,60,-0.7,57,-0.3,72,-0.7%,56,-1.6,46,+0.1,53,+0.1%,40,+3.2,61,-0.4,57,-0.4%,59,-3.8
Kyle Kuzma,25.3,LAL,Forward,1924,67,-1.8,89,-1.7,32,+0.7%,88,-12.3,95,-1.5,78,-4.6%,91,-23.3,59,-0.3,52,+0.0%,68,-6.9
Alex Caruso,26.7,LAL,Combo,1190,85,-4.4,63,-0.5,94,-2.2%,69,-5.6,77,-0.5,90,-7.7%,77,-11.7,45,+0.1,88,-3.6%,54,-2.1
Thomas Bryant,23.3,WAS,Big,270,24,+3.0,73,-0.8,70,-0.7%,65,-3.9,27,+0.5,66,-2.1%,56,-2.2,80,-0.9,79,-2.4%,55,-2.3
Josh Hart,25.7,NOP,Wing,1335,36,+1.5,41,+0.4,65,-0.5%,37,+3.7,38,+0.2,26,+4.4%,57,-2.4,47,+0.0,85,-3.3%,40,+2.9
Justin Patton,23.4,HOU,Big,213,32,+2.0,45,+0.2,3,+3.1%,85,-10.2,22,+0.6,7,+8.5%,54,-1.6,70,-0.6,6,+4.6%,94,-19.3
Alfonzo McKinnie,28.1,LAL,Forward,160,25,+3.0,23,+1.2,41,+0.4%,33,+4.8,8,+1.2,95,-10.0%,1,+61.1,48,-0.0,14,+3.2%,77,-9.6
OG Anunoby,23.3,TOR,Forward,1433,88,-5.0,77,-1.0,57,-0.2%,81,-8.9,76,-0.5,42,+1.6%,77,-11.5,68,-0.5,36,+1.1%,68,-6.7
Sindarius Thornwell,26.0,ORL,Wing,102,100,-22.0,100,-5.0,100,-5.8%,96,-18.9,100,-2.2,98,-14.0%,100,-50.0,97,-2.2,99,-8.6%,43,+1.3
Bam Adebayo,23.3,MIA,Big,2130,58,-0.6,21,+1.2,71,-0.7%,10,+13.4,9,+1.2,87,-6.9%,3,+40.6,43,+0.2,62,-0.7%,42,+1.8
John Collins,23.1,ATL,Big,1843,68,-1.8,59,-0.3,37,+0.5%,56,-1.7,66,-0.3,31,+3.4%,72,-7.8,48,-0.0,19,+2.6%,46,+0.1
Dillon Brooks,24.8,MEM,Wing,1991,78,-3.1,65,-0.5,53,-0.0%,70,-5.7,60,-0.2,66,-2.2%,73,-9.0,72,-0.7,37,+1.0%,71,-7.7
Wes Iwundu,25.9,DAL,Forward,232,14,+4.5,26,+1.0,13,+1.6%,53,-1.2,8,+1.3,15,+6.6%,27,+10.4,62,-0.4,67,-1.3%,84,-13.6
Wes Iwundu,25.9,NOP,Forward,219,11,+5.1,7,+2.1,24,+1.0%,29,+6.1,25,+0.5,37,+2.3%,66,-5.5,8,+1.8,76,-2.1%,21,+11.7
Khem Birch,28.1,ORL,Big,913,81,-3.5,52,-0.0,76,-0.9%,40,+2.3,21,+0.6,60,-1.0%,15,+18.2,64,-0.5,64,-1.0%,59,-4.2
Khem Birch,28.1,TOR,Big,574,19,+3.7,26,+1.0,78,-1.0%,12,+11.8,20,+0.6,46,+1.2%,11,+22.1,43,+0.2,79,-2.3%,35,+4.7
Jayson Tatum,22.7,BOS,Forward,2285,29,+2.4,71,-0.7,84,-1.3%,65,-4.0,84,-0.8,73,-3.6%,61,-3.7,44,+0.1,41,+0.8%,50,-0.9
Semi Ojeleye,25.9,BOS,Forward,917,75,-2.7,54,-0.1,64,-0.4%,45,+1.0,63,-0.2,57,-0.6%,63,-4.3,48,-0.0,78,-2.3%,40,+2.6
Abdel Nader,27.1,PHX,Forward,324,94,-7.2,77,-1.0,45,+0.2%,84,-10.0,91,-1.1,88,-7.1%,96,-33.1,34,+0.4,33,+1.3%,28,+7.4
Daniel Theis,28.6,BOS,Big,1026,79,-3.2,18,+1.4,30,+0.8%,29,+6.0,65,-0.2,57,-0.6%,69,-6.1,10,+1.6,29,+1.7%,19,+12.5
Daniel Theis,28.6,CHI,Big,572,42,+0.9,2,+3.6,48,+0.1%,2,+25.9,32,+0.4,60,-1.3%,26,+10.6,1,+3.3,56,-0.3%,1,+39.5
Malik Monk,22.7,CHA,Wing,837,53,-0.2,38,+0.5,28,+0.8%,47,+0.4,56,-0.1,2,+12.3%,75,-9.4,31,+0.6,50,+0.2%,33,+5.6
Dwayne Bacon,25.2,ORL,Wing,1812,46,+0.5,95,-2.3,70,-0.7%,93,-14.9,91,-1.1,55,-0.2%,80,-13.2,83,-1.1,61,-0.7%,85,-13.9
Dennis Smith Jr.,22.9,DET,Combo,390,77,-2.9,92,-2.0,76,-0.9%,84,-10.1,99,-1.9,10,+7.7%,95,-30.6,71,-0.6,100,-8.8%,60,-4.6
Maxi Kleber,28.8,DAL,Big,1340,84,-4.1,91,-1.9,34,+0.6%,91,-13.8,85,-0.8,44,+1.4%,79,-12.2,81,-1.0,29,+1.7%,84,-13.3
PJ Dozier,24.0,DEN,Wing,1055,96,-9.3,94,-2.2,29,+0.8%,93,-15.4,94,-1.4,74,-3.7%,95,-30.1,78,-0.9,29,+1.7%,77,-9.6
D.J. Wilson,24.7,HOU,Big,286,64,-1.3,16,+1.5,49,+0.1%,9,+13.6,20,+0.7,30,+3.5%,32,+7.5,7,+1.9,98,-6.3%,0,+45.7
Sterling Brown,25.7,HOU,Forward,1162,84,-4.2,56,-0.2,87,-1.5%,49,-0.2,10,+1.1,47,+1.2%,16,+17.2,91,-1.5,92,-4.6%,90,-16.1
Bogdan Bogdanovic,28.2,ATL,Wing,1300,60,-0.8,61,-0.4,45,+0.2%,49,+0.0,30,+0.4,26,+4.3%,39,+3.6,83,-1.1,60,-0.6%,67,-6.5
De'Aaron Fox,22.9,SAC,Point,2022,10,+5.1,20,+1.2,92,-2.0%,16,+10.1,28,+0.4,69,-2.9%,35,+5.1,26,+0.7,88,-3.5%,21,+11.6
Justin Jackson,25.6,OKC,Wing,496,83,-3.9,69,-0.7,54,-0.1%,51,-0.7,33,+0.3,66,-2.2%,28,+9.6,82,-1.0,31,+1.5%,67,-6.6
Harry Giles,22.5,POR,Big,244,43,+0.8,84,-1.5,37,+0.5%,78,-8.0,93,-1.2,85,-6.3%,92,-25.0,55,-0.2,43,+0.7%,50,-1.0
Derrick White,26.3,SAS,Wing,1062,82,-3.6,61,-0.4,87,-1.5%,61,-3.3,55,-0.1,95,-10.1%,52,-0.5,62,-0.4,72,-1.6%,64,-5.9
Frank Jackson,22.5,DET,Wing,688,87,-4.7,58,-0.3,89,-1.7%,61,-3.2,66,-0.3,56,-0.4%,70,-6.5,41,+0.2,86,-3.3%,43,+1.6
Ryan Arcidiacono,26.6,CHI,Combo,415,68,-1.8,79,-1.1,13,+1.6%,86,-10.9,98,-1.7,75,-3.9%,96,-31.7,41,+0.2,7,+4.5%,56,-2.5
Lauri Markkanen,23.4,CHI,Big,1315,73,-2.3,21,+1.2,42,+0.3%,18,+9.4,25,+0.5,94,-8.9%,24,+11.7,22,+0.9,37,+1.1%,24,+10.0
Josh Jackson,23.7,DET,Forward,1556,87,-4.8,88,-1.7,57,-0.2%,83,-9.8,33,+0.3,52,+0.2%,38,+3.9,97,-2.4,56,-0.3%,95,-22.9
Mike James,30.2,BKN,Combo,222,53,-0.2,2,+3.2,26,+1.0%,1,+27.9,9,+1.2,13,+7.0%,3,+40.1,2,+2.6,6,+4.6%,2,+31.4
Frank Ntilikina,22.3,NYK,Combo,298,60,-0.8,13,+1.6,54,-0.1%,8,+15.4,82,-0.7,24,+4.6%,86,-18.8,3,+2.3,81,-2.5%,2,+34.0
Damyean Dotson,26.5,CLE,Combo,851,80,-3.4,76,-0.9,69,-0.6%,75,-6.9,57,-0.1,31,+3.5%,63,-3.9,76,-0.8,97,-5.5%,73,-8.3
Luke Kornet,25.3,BOS,Big,247,94,-7.3,100,-5.0,77,-1.0%,100,-39.5,97,-1.7,75,-4.0%,92,-24.5,99,-3.4,95,-5.0%,99,-49.7
Jarrett Allen,22.5,BKN,Big,315,83,-3.9,80,-1.2,85,-1.4%,68,-5.4,89,-1.0,30,+3.5%,87,-19.7,39,+0.3,51,+0.1%,32,+6.0
Jarrett Allen,22.5,CLE,Big,1529,43,+0.7,44,+0.3,55,-0.1%,49,-0.2,82,-0.7,77,-4.3%,85,-17.6,26,+0.8,48,+0.4%,30,+7.0
Markelle Fultz,22.4,ORL,Point,215,59,-0.6,47,+0.2,97,-2.8%,41,+2.2,32,+0.3,81,-5.4%,9,+23.2,61,-0.4,90,-3.9%,79,-10.4
Furkan Korkmaz,23.3,PHI,Forward,992,66,-1.6,92,-2.0,79,-1.0%,93,-16.1,53,-0.0,69,-2.9%,54,-1.6,92,-1.6,51,+0.0%,93,-17.9
Cedi Osman,25.6,CLE,Forward,1486,31,+2.1,11,+1.8,10,+1.9%,11,+12.4,31,+0.4,56,-0.4%,34,+6.2,13,+1.4,7,+4.3%,13,+16.0
Luke Kennard,24.4,LAC,Combo,1125,3,+10.1,14,+1.6,41,+0.4%,11,+12.8,22,+0.6,42,+1.6%,18,+15.8,24,+0.9,27,+1.7%,23,+10.1
Edmond Sumner,24.8,IND,Wing,825,20,+3.6,70,-0.7,67,-0.5%,58,-2.2,81,-0.6,72,-3.5%,64,-4.5,40,+0.2,58,-0.4%,38,+3.4
Donovan Mitchell,24.2,UTA,Combo,1768,9,+6.1,12,+1.7,34,+0.6%,14,+11.2,42,+0.2,13,+6.8%,44,+1.8,9,+1.7,42,+0.7%,11,+17.6
Royce O'Neale,27.4,UTA,Wing,2238,24,+3.1,28,+0.9,72,-0.7%,37,+3.7,75,-0.4,55,-0.1%,68,-5.7,13,+1.4,50,+0.2%,19,+12.5
Tony Bradley,22.8,PHI,Big,244,58,-0.6,72,-0.8,85,-1.4%,40,+2.6,27,+0.4,3,+11.7%,28,+9.6,84,-1.1,96,-5.2%,53,-1.8
Tony Bradley,22.8,OKC,Big,371,44,+0.7,25,+1.1,99,-3.3%,16,+10.3,14,+0.9,11,+7.4%,26,+10.7,41,+0.2,99,-7.3%,27,+8.1
Shaquille Harrison,27.1,DEN,Combo,255,78,-3.1,75,-0.9,70,-0.7%,60,-2.7,69,-0.3,99,-15.8%,10,+22.5,72,-0.7,31,+1.5%,70,-7.7
Damion Lee,28.0,GSW,Wing,1015,36,+1.5,83,-1.4,93,-2.2%,83,-9.8,93,-1.2,83,-6.0%,87,-19.4,54,-0.2,84,-3.2%,54,-1.9
Kevin Huerter,22.2,ATL,Wing,2107,41,+1.0,66,-0.6,70,-0.7%,71,-5.8,55,-0.1,47,+1.1%,35,+5.6,61,-0.4,83,-3.0%,76,-9.1
Trae Young,22.1,ATL,Point,2120,32,+2.0,10,+1.8,22,+1.1%,21,+8.6,26,+0.5,5,+9.9%,45,+1.4,14,+1.4,11,+3.6%,25,+9.6
Brad Wanamaker,31.3,GSW,Combo,552,96,-8.9,92,-2.1,35,+0.6%,90,-13.6,99,-1.9,24,+4.7%,98,-39.5,52,-0.2,32,+1.4%,39,+3.2
Brad Wanamaker,31.3,CHA,Combo,416,28,+2.5,35,+0.6,52,+0.0%,27,+6.5,72,-0.4,98,-13.8%,70,-6.8,23,+0.9,77,-2.2%,17,+13.9
Robert Williams,23.0,BOS,Big,966,17,+4.0,42,+0.4,69,-0.6%,36,+4.1,13,+1.0,64,-2.0%,29,+9.3,59,-0.3,81,-2.6%,35,+4.3
Miles Bridges,22.6,CHA,Big,1888,34,+1.8,71,-0.8,90,-1.8%,71,-6.1,57,-0.1,37,+2.4%,74,-9.1,82,-1.0,89,-3.8%,77,-9.7
Devonte' Graham,25.7,CHA,Combo,1650,94,-7.3,99,-3.4,95,-2.3%,98,-22.0,96,-1.5,83,-5.9%,92,-25.7,94,-1.8,92,-4.5%,93,-17.5
Wendell Carter,21.5,CHI,Big,791,13,+4.7,29,+0.8,17,+1.4%,26,+6.9,75,-0.4,11,+7.4%,76,-11.3,21,+1.1,64,-1.0%,11,+17.5
Wendell Carter,21.5,ORL,Big,569,93,-6.5,42,+0.4,8,+2.1%,37,+3.5,18,+0.8,47,+1.1%,16,+16.5,66,-0.5,26,+1.9%,60,-4.6
Chandler Hutchison,24.5,WAS,Forward,267,1,+12.1,2,+3.3,81,-1.2%,2,+23.8,6,+1.4,53,+0.2%,2,+41.1,13,+1.4,87,-3.4%,18,+13.0
Collin Sexton,21.8,CLE,Combo,2101,29,+2.4,13,+1.6,81,-1.1%,19,+8.9,62,-0.2,27,+4.2%,66,-5.0,8,+1.8,75,-1.9%,12,+16.6
Luka Doncic,21.7,DAL,Wing,2261,12,+5.0,27,+0.9,20,+1.2%,48,+0.1,46,+0.1,20,+5.5%,76,-10.9,27,+0.7,17,+2.8%,40,+2.6
Michael Porter,22.3,DEN,Forward,1906,35,+1.6,27,+0.9,50,+0.1%,30,+5.7,28,+0.4,27,+4.1%,35,+5.2,34,+0.4,50,+0.2%,37,+3.8
Aaron Holiday,24.1,IND,Wing,1100,42,+0.9,47,+0.2,41,+0.4%,39,+2.8,60,-0.1,50,+0.5%,56,-2.2,34,+0.4,44,+0.6%,33,+5.7
Shai Gilgeous-Alexander,22.3,OKC,Point,1179,22,+3.2,85,-1.5,97,-2.5%,79,-8.3,98,-1.8,97,-11.2%,94,-28.9,42,+0.2,74,-1.8%,39,+3.3
Jerome Robinson,23.7,WAS,Wing,278,26,+2.9,53,-0.1,12,+1.7%,67,-5.1,38,+0.2,62,-1.6%,21,+13.8,67,-0.5,22,+2.3%,90,-15.9
Moritz Wagner,23.5,WAS,Big,354,61,-0.9,74,-0.9,67,-0.5%,57,-2.0,71,-0.4,44,+1.4%,31,+8.0,60,-0.4,59,-0.5%,63,-5.4
Moritz Wagner,23.5,ORL,Big,277,2,+10.9,68,-0.6,23,+1.0%,53,-1.3,59,-0.1,52,+0.2%,73,-8.8,85,-1.1,26,+1.9%,64,-5.5
Jaren Jackson,21.1,MEM,Big,252,1,+11.9,5,+2.4,12,+1.7%,8,+14.8,4,+1.6,37,+2.4%,7,+27.4,23,+0.9,14,+3.2%,29,+7.3
Donte DiVincenzo,23.8,MIL,Wing,1804,70,-2.0,48,+0.1,83,-1.2%,36,+3.9,64,-0.2,62,-1.7%,40,+3.1,51,-0.1,68,-1.4%,49,-0.8
Josh Okogie,22.2,MIN,Forward,1177,35,+1.6,76,-1.0,25,+1.0%,70,-5.8,50,+0.0,55,-0.1%,51,-0.5,77,-0.9,34,+1.2%,65,-6.1
Kevin Knox,21.2,NYK,Forward,417,57,-0.5,42,+0.4,5,+2.5%,43,+1.5,9,+1.1,9,+8.2%,19,+15.0,71,-0.6,19,+2.6%,71,-7.7
Mohamed Bamba,22.5,ORL,Big,664,9,+5.7,9,+1.9,20,+1.2%,19,+9.1,54,-0.1,65,-2.1%,59,-2.9,3,+2.2,4,+4.9%,7,+20.1
Landry Shamet,23.6,BKN,Wing,1367,29,+2.5,31,+0.7,45,+0.2%,23,+8.0,15,+0.9,72,-3.4%,14,+18.6,55,-0.2,63,-0.9%,42,+1.7
Deandre Ayton,22.3,PHX,Big,2108,35,+1.5,25,+1.1,11,+1.7%,39,+2.7,20,+0.6,5,+9.8%,53,-0.8,36,+0.4,18,+2.8%,38,+3.3
Mikal Bridges,24.2,PHX,Wing,2347,49,+0.1,23,+1.2,18,+1.3%,30,+5.9,32,+0.4,14,+6.6%,56,-2.2,28,+0.7,20,+2.5%,29,+7.3
Anfernee Simons,21.4,POR,Combo,1011,32,+2.0,51,-0.0,38,+0.5%,63,-3.6,79,-0.5,13,+6.8%,77,-11.5,33,+0.5,48,+0.3%,46,+0.1
Marvin Bagley,21.6,SAC,Big,1091,46,+0.5,85,-1.5,16,+1.5%,89,-12.9,38,+0.2,23,+5.0%,44,+2.0,93,-1.7,11,+3.6%,95,-21.4
Lonnie Walker,21.9,SAS,Wing,1499,4,+9.1,10,+1.9,43,+0.3%,7,+16.2,7,+1.4,43,+1.5%,6,+29.7,35,+0.4,65,-1.0%,25,+8.8
Grayson Allen,25.1,MEM,Wing,1249,23,+3.1,15,+1.5,36,+0.5%,13,+11.8,48,+0.0,43,+1.4%,43,+2.2,15,+1.3,47,+0.4%,14,+15.6
Troy Brown,21.3,WAS,Wing,233,54,-0.3,14,+1.6,75,-0.9%,6,+17.7,44,+0.1,78,-4.7%,14,+19.3,14,+1.4,78,-2.3%,12,+16.5
Troy Brown,21.3,CHI,Wing,231,89,-5.2,13,+1.6,98,-3.1%,5,+19.2,90,-1.1,45,+1.3%,85,-16.8,2,+2.8,75,-1.9%,1,+37.6
Isaac Bonga,21.0,WAS,Forward,361,95,-8.4,93,-2.1,56,-0.1%,95,-17.7,88,-1.0,86,-6.5%,91,-24.2,76,-0.8,78,-2.3%,81,-11.6
Keita Bates-Diop,24.8,SAS,Forward,159,37,+1.4,15,+1.5,84,-1.3%,18,+9.4,5,+1.4,33,+3.1%,1,+45.1,71,-0.7,89,-3.9%,85,-13.6
Jalen Brunson,24.2,DAL,Combo,1669,82,-3.7,52,-0.0,73,-0.8%,22,+8.3,53,-0.0,63,-1.7%,25,+11.0,49,-0.1,60,-0.5%,29,+7.0
Isaiah Hartenstein,22.5,DEN,Big,244,96,-8.8,88,-1.7,21,+1.1%,95,-18.2,97,-1.6,83,-6.0%,97,-35.6,71,-0.6,1,+9.4%,92,-16.9
Isaiah Hartenstein,22.5,CLE,Big,277,52,-0.1,20,+1.3,89,-1.7%,2,+23.3,97,-1.6,86,-6.5%,86,-18.9,1,+3.0,4,+5.1%,1,+41.7
Jevon Carter,25.1,PHX,Combo,611,48,+0.3,73,-0.8,96,-2.4%,57,-2.1,69,-0.3,99,-14.3%,48,+0.5,67,-0.5,92,-4.5%,59,-3.9
Hamidou Diallo,22.3,OKC,Wing,744,86,-4.5,45,+0.3,39,+0.4%,39,+2.9,9,+1.2,25,+4.4%,12,+21.0,79,-0.9,67,-1.2%,74,-8.4
Hamidou Diallo,22.3,DET,Wing,454,7,+6.8,3,+3.1,93,-2.1%,1,+27.3,16,+0.9,89,-7.5%,8,+23.9,2,+2.6,97,-5.6%,1,+35.4
Sviatoslav Mykhailiuk,23.4,DET,Wing,628,52,-0.1,63,-0.5,64,-0.4%,73,-6.3,92,-1.2,60,-1.2%,94,-28.6,28,+0.7,59,-0.5%,37,+3.9
Sviatoslav Mykhailiuk,23.4,OKC,Wing,646,85,-4.3,3,+3.1,10,+1.9%,8,+14.6,45,+0.1,59,-0.9%,47,+0.7,1,+3.4,4,+5.1%,2,+30.7
Jarred Vanderbilt,21.6,MIN,Big,1097,91,-5.7,57,-0.3,25,+1.0%,57,-2.1,42,+0.2,21,+5.3%,61,-3.6,65,-0.5,16,+2.9%,58,-3.5
Bruce Brown,24.2,BKN,Forward,1371,39,+1.2,14,+1.5,51,+0.0%,21,+8.7,49,+0.0,73,-3.6%,54,-1.4,16,+1.2,11,+3.5%,22,+11.4
Mitchell Robinson,22.6,NYK,Big,847,58,-0.6,66,-0.6,11,+1.8%,68,-5.2,50,-0.0,25,+4.5%,58,-2.8,74,-0.7,13,+3.3%,71,-7.9
De'Anthony Melton,22.4,MEM,Combo,1008,73,-2.3,63,-0.5,87,-1.4%,53,-1.3,65,-0.2,72,-3.4%,38,+3.9,52,-0.1,68,-1.4%,52,-1.2
Chimezie Metu,23.6,SAC,Big,448,36,+1.5,5,+2.4,19,+1.3%,5,+18.3,8,+1.3,6,+9.3%,15,+17.9,22,+1.0,33,+1.3%,12,+16.5
Shake Milton,24.1,PHI,Combo,1394,61,-0.8,33,+0.7,54,-0.1%,52,-1.1,25,+0.5,92,-8.3%,29,+9.0,28,+0.7,25,+2.1%,49,-0.7
Yuta Watanabe,26.1,TOR,Forward,691,58,-0.5,82,-1.3,53,-0.0%,84,-10.1,77,-0.5,69,-2.9%,91,-23.6,79,-0.9,55,-0.2%,64,-5.6
Duncan Robinson,26.5,MIA,Wing,2260,90,-5.7,75,-0.9,32,+0.7%,76,-7.2,62,-0.2,40,+1.9%,43,+2.2,76,-0.8,23,+2.3%,84,-12.9
Gary Clark,26.0,ORL,Forward,582,17,+4.0,6,+2.3,11,+1.8%,15,+10.8,2,+1.9,19,+5.6%,5,+33.0,41,+0.2,8,+4.2%,53,-1.5
Kenrich Williams,25.9,OKC,Forward,1384,79,-3.2,18,+1.4,26,+1.0%,21,+8.7,6,+1.4,45,+1.3%,17,+16.3,53,-0.2,24,+2.1%,48,-0.4
Drew Eubanks,23.7,SAS,Big,667,68,-1.8,16,+1.4,4,+2.8%,28,+6.1,76,-0.5,7,+8.6%,76,-10.9,9,+1.7,14,+3.2%,21,+11.8
Wenyen Gabriel,23.6,NOP,Forward,186,86,-4.7,90,-1.8,92,-2.0%,98,-21.1,55,-0.1,94,-9.1%,74,-9.1,91,-1.4,93,-4.7%,96,-24.3
Gary Trent Jr.,21.8,POR,Wing,1222,68,-1.8,17,+1.4,19,+1.3%,32,+5.0,7,+1.3,6,+9.6%,8,+24.6,41,+0.2,28,+1.7%,55,-2.1
Gary Trent Jr.,21.8,TOR,Wing,527,5,+7.4,3,+3.0,67,-0.5%,3,+21.6,24,+0.6,15,+6.4%,20,+13.9,4,+2.1,81,-2.5%,6,+21.8
Brandon Goodwin,25.1,ATL,Combo,531,51,-0.0,68,-0.7,85,-1.4%,62,-3.5,55,-0.1,51,+0.3%,41,+2.9,72,-0.7,96,-5.3%,63,-5.5
Chris Chiozza,24.9,BKN,Combo,165,97,-9.7,33,+0.7,94,-2.2%,25,+7.0,31,+0.4,99,-15.9%,5,+32.5,29,+0.6,94,-5.0%,43,+1.6
Zion Williamson,20.3,NOP,Big,2015,66,-1.6,32,+0.7,35,+0.6%,23,+8.1,60,-0.2,41,+1.7%,69,-6.2,23,+0.9,9,+3.9%,14,+15.8
Ja Morant,21.2,MEM,Point,2052,14,+4.5,10,+1.9,58,-0.2%,9,+13.6,54,-0.1,27,+3.9%,54,-1.6,11,+1.5,32,+1.4%,9,+18.7
RJ Barrett,20.4,NYK,Wing,2498,42,+0.8,42,+0.4,10,+1.8%,53,-1.2,82,-0.6,26,+4.3%,88,-20.7,17,+1.2,11,+3.5%,21,+11.7
DeAndre Hunter,22.9,ATL,Forward,674,95,-7.5,37,+0.5,24,+1.0%,59,-2.6,64,-0.2,53,+0.1%,84,-15.8,21,+1.0,27,+1.8%,31,+6.5
Darius Garland,20.8,CLE,Point,1781,74,-2.3,91,-1.9,75,-0.9%,92,-14.4,81,-0.6,79,-5.0%,80,-12.9,90,-1.4,42,+0.7%,91,-16.4
Jarrett Culver,21.7,MIN,Wing,461,57,-0.5,9,+1.9,31,+0.7%,12,+12.2,24,+0.6,50,+0.6%,6,+29.0,12,+1.5,29,+1.7%,25,+8.8
Coby White,20.7,CHI,Point,2146,49,+0.1,8,+2.1,32,+0.7%,6,+17.9,15,+0.9,16,+6.3%,19,+14.8,20,+1.1,54,-0.2%,9,+18.8
Jaxson Hayes,20.4,NOP,Big,920,91,-5.9,90,-1.8,7,+2.3%,94,-17.0,68,-0.3,85,-6.3%,76,-11.2,87,-1.2,15,+3.1%,94,-19.5
Rui Hachimura,22.7,WAS,Big,1792,48,+0.3,19,+1.4,7,+2.4%,26,+6.6,38,+0.2,2,+12.2%,46,+1.0,18,+1.2,16,+2.9%,25,+9.6
Cameron Reddish,21.2,ATL,Wing,747,13,+4.7,22,+1.2,39,+0.4%,35,+4.5,83,-0.7,60,-1.2%,77,-11.7,6,+2.0,37,+1.1%,18,+13.5
Cameron Johnson,24.7,PHX,Forward,1406,77,-2.9,78,-1.1,81,-1.1%,68,-5.5,77,-0.5,42,+1.7%,71,-7.1,58,-0.3,93,-4.9%,51,-1.2
PJ Washington,22.2,CHA,Big,1950,86,-4.5,76,-0.9,39,+0.5%,69,-5.6,36,+0.3,62,-1.6%,21,+13.7,86,-1.1,30,+1.6%,89,-15.6
Tyler Herro,20.8,MIA,Combo,1610,32,+2.0,67,-0.6,42,+0.3%,71,-6.0,45,+0.1,63,-1.8%,50,-0.3,70,-0.6,54,-0.2%,69,-7.2
Romeo Langford,21.0,BOS,Wing,269,75,-2.6,93,-2.1,7,+2.2%,98,-20.9,71,-0.4,35,+2.7%,82,-14.6,94,-1.8,38,+0.9%,96,-27.2
Sekou Doumbouya,19.9,DET,Big,837,33,+1.9,31,+0.7,16,+1.5%,39,+3.0,12,+1.0,33,+3.1%,15,+17.6,60,-0.4,8,+4.3%,68,-6.7
Chuma Okeke,22.2,ORL,Forward,1104,77,-2.9,93,-2.1,86,-1.4%,92,-14.7,95,-1.4,47,+1.0%,90,-23.3,72,-0.7,85,-3.2%,79,-10.2
Nickeil Alexander-Walker,22.2,NOP,Combo,958,43,+0.7,80,-1.2,75,-0.9%,75,-7.0,69,-0.3,65,-2.0%,73,-8.8,79,-0.9,95,-5.2%,68,-6.7
Goga Bitadze,21.3,IND,Big,511,25,+2.9,4,+2.7,9,+2.0%,7,+15.5,23,+0.6,11,+7.7%,27,+10.2,7,+1.8,10,+3.7%,15,+15.4
Luka Samanic,20.8,SAS,Forward,233,80,-3.3,47,+0.2,43,+0.3%,36,+3.9,92,-1.2,99,-14.4%,97,-35.8,10,+1.6,22,+2.4%,10,+17.8
Matisse Thybulle,23.7,PHI,Wing,1254,41,+1.0,70,-0.7,63,-0.4%,87,-11.5,75,-0.5,47,+1.0%,79,-12.6,51,-0.1,38,+1.0%,74,-8.6
Brandon Clarke,24.1,MEM,Big,1397,39,+1.3,80,-1.2,80,-1.1%,80,-8.5,90,-1.0,96,-10.3%,88,-20.1,48,-0.0,71,-1.5%,44,+0.9
Grant Williams,21.9,BOS,Big,1094,51,+0.0,86,-1.6,44,+0.3%,85,-10.3,87,-1.0,80,-5.1%,79,-12.3,60,-0.4,48,+0.4%,62,-5.1
Darius Bazley,20.4,OKC,Forward,1690,38,+1.4,80,-1.2,42,+0.3%,80,-8.5,94,-1.4,93,-8.8%,85,-17.2,36,+0.4,24,+2.2%,42,+1.8
Ty Jerome,23.3,OKC,Combo,736,40,+1.2,70,-0.7,59,-0.2%,72,-6.2,47,+0.0,17,+6.2%,45,+1.3,80,-0.9,44,+0.6%,85,-13.8
Nassir Little,20.7,POR,Wing,549,5,+8.1,3,+2.9,39,+0.5%,3,+22.5,32,+0.4,21,+5.4%,48,+0.2,2,+2.3,43,+0.6%,2,+29.8
Dylan Windler,24.1,CLE,Wing,464,34,+1.7,50,+0.0,78,-1.0%,60,-2.8,4,+1.7,46,+1.3%,7,+27.6,89,-1.3,55,-0.2%,90,-16.1
Mfiondu Kabengele,23.2,CLE,Forward,149,62,-1.0,90,-1.9,1,+4.1%,88,-12.3,1,+2.4,0,+21.6%,7,+27.2,99,-3.8,28,+1.7%,98,-33.8
Jordan Poole,21.4,GSW,Combo,857,73,-2.3,57,-0.3,33,+0.6%,51,-0.7,55,-0.1,49,+0.6%,36,+4.7,46,+0.0,48,+0.4%,45,+0.4
Keldon Johnson,21.0,SAS,Forward,1958,10,+5.3,15,+1.5,65,-0.4%,10,+13.2,34,+0.3,55,-0.2%,30,+8.1,19,+1.2,54,-0.2%,15,+14.5
Kevin Porter,20.5,HOU,Combo,834,6,+7.0,12,+1.7,86,-1.4%,3,+21.2,40,+0.2,87,-6.9%,26,+10.7,14,+1.4,79,-2.4%,3,+28.7
Nicolas Claxton,21.5,BKN,Big,580,98,-11.3,81,-1.3,73,-0.8%,73,-6.2,89,-1.0,78,-4.9%,90,-23.3,60,-0.4,85,-3.2%,47,-0.2
KZ Okpala,21.5,MIA,Forward,402,32,+2.1,72,-0.8,43,+0.3%,74,-6.5,42,+0.2,48,+0.8%,40,+3.1,90,-1.4,39,+0.9%,87,-14.8
Carsen Edwards,22.6,BOS,Combo,201,18,+3.8,59,-0.3,38,+0.5%,65,-4.0,99,-2.0,1,+19.2%,99,-48.9,10,+1.6,84,-3.1%,9,+18.5
Bruno Fernando,22.2,ATL,Big,137,97,-9.7,67,-0.6,97,-2.5%,52,-1.0,42,+0.1,98,-13.7%,68,-6.0,91,-1.4,99,-7.1%,76,-9.2
Cody Martin,25.1,CHA,Wing,793,63,-1.2,95,-2.5,52,-0.0%,96,-19.2,96,-1.5,61,-1.5%,95,-29.6,86,-1.2,58,-0.4%,88,-15.1
Deividas Sirvydis,20.4,DET,Wing,104,24,+3.0,13,+1.6,0,+4.6%,43,+1.6,5,+1.5,21,+5.3%,7,+26.5,26,+0.7,2,+6.5%,38,+3.4
Daniel Gafford,22.1,CHI,Big,369,66,-1.7,78,-1.1,49,+0.1%,81,-9.0,54,-0.1,46,+1.2%,61,-3.7,76,-0.8,35,+1.2%,83,-12.6
Daniel Gafford,22.1,WAS,Big,403,25,+3.0,1,+3.7,96,-2.4%,2,+25.3,3,+1.8,73,-3.6%,4,+36.8,6,+2.0,91,-4.2%,9,+18.8
Justin James,23.8,SAC,Forward,248,92,-6.1,45,+0.3,19,+1.3%,38,+3.3,73,-0.4,2,+12.1%,81,-13.9,16,+1.3,90,-4.0%,6,+20.8
Eric Paschall,24.0,GSW,Big,637,25,+3.0,43,+0.4,36,+0.5%,43,+1.5,66,-0.3,16,+6.2%,64,-4.4,27,+0.7,50,+0.2%,30,+6.5
Jaylen Nowell,21.3,MIN,Combo,687,70,-2.0,58,-0.3,58,-0.2%,62,-3.5,76,-0.5,62,-1.7%,68,-5.9,47,+0.0,47,+0.4%,58,-3.5
Isaiah Roby,22.7,OKC,Big,1353,18,+3.9,28,+0.9,50,+0.1%,30,+5.7,16,+0.8,70,-3.1%,28,+9.5,42,+0.2,66,-1.2%,36,+4.2
Talen Horton-Tucker,19.9,LAL,Combo,1204,43,+0.8,51,-0.0,77,-1.0%,48,+0.2,42,+0.1,71,-3.2%,34,+6.4,51,-0.1,74,-1.9%,57,-2.7
Ignas Brazdeikis,21.8,ORL,Big,199,87,-4.7,1,+4.2,100,-6.9%,1,+34.3,1,+2.6,14,+6.7%,1,+58.3,32,+0.5,97,-6.1%,14,+15.8
Terance Mann,24.0,LAC,Wing,1131,19,+3.6,33,+0.7,58,-0.2%,28,+6.4,32,+0.4,56,-0.3%,24,+11.6,44,+0.1,30,+1.6%,39,+3.1
Tremont Waters,22.8,BOS,Point,163,11,+5.0,41,+0.4,88,-1.6%,23,+8.2,91,-1.1,59,-1.0%,87,-19.4,12,+1.5,98,-6.3%,3,+28.4
Jalen McDaniels,22.8,CHA,Forward,836,16,+4.0,51,-0.0,33,+0.7%,55,-1.4,45,+0.1,80,-5.3%,33,+7.0,40,+0.3,13,+3.3%,47,-0.2
Kyle Guy,23.2,SAC,Wing,205,39,+1.3,89,-1.8,63,-0.4%,85,-10.8,88,-1.0,6,+9.5%,84,-16.5,66,-0.5,99,-6.8%,71,-7.7
Jordan Bone,23.0,ORL,Point,155,6,+7.0,44,+0.3,1,+4.6%,73,-6.3,49,+0.0,0,+20.1%,95,-29.8,34,+0.5,18,+2.7%,41,+2.2
Matt Thomas,26.2,TOR,Wing,162,56,-0.5,1,+3.6,45,+0.2%,5,+19.0,14,+0.9,87,-7.0%,39,+3.3,3,+2.2,80,-2.4%,5,+22.7
Terence Davis,23.5,TOR,Wing,471,40,+1.1,32,+0.7,27,+0.8%,47,+0.4,28,+0.4,43,+1.6%,32,+7.5,38,+0.3,21,+2.5%,56,-2.3
Terence Davis,23.5,SAC,Wing,574,66,-1.6,40,+0.4,63,-0.3%,45,+1.1,91,-1.1,39,+1.9%,93,-28.1,7,+1.8,83,-2.9%,10,+18.4
Miye Oni,23.2,UTA,Wing,400,98,-10.3,90,-1.8,18,+1.3%,77,-7.6,66,-0.2,72,-3.5%,50,-0.2,88,-1.3,9,+3.9%,70,-7.6
Vlatko Cancar,23.6,DEN,Forward,188,13,+4.6,5,+2.4,2,+3.7%,24,+8.0,23,+0.6,5,+9.9%,47,+0.5,8,+1.7,5,+4.8%,24,+9.7
Amir Coffey,23.4,LAC,Wing,282,80,-3.3,4,+2.8,13,+1.6%,4,+19.8,19,+0.7,21,+5.3%,23,+12.7,6,+1.9,35,+1.2%,5,+21.9
Juan Toscano-Anderson,27.6,GSW,Big,1036,72,-2.2,50,-0.0,46,+0.2%,42,+1.8,33,+0.3,43,+1.6%,16,+16.5,56,-0.2,47,+0.4%,67,-6.5
DaQuan Jeffries,23.2,SAC,Wing,214,91,-6.1,0,+5.2,77,-1.0%,0,+49.8,11,+1.1,30,+3.5%,1,+55.6,0,+4.0,52,+0.0%,0,+48.1
DaQuan Jeffries,23.2,HOU,Big,228,16,+4.1,87,-1.6,66,-0.5%,87,-11.6,91,-1.1,38,+2.2%,89,-21.3,72,-0.7,94,-5.0%,58,-3.4
Javonte Green,27.3,BOS,Wing,313,24,+3.0,12,+1.7,15,+1.5%,6,+16.9,15,+0.9,84,-6.2%,20,+14.1,40,+0.3,18,+2.7%,20,+11.8
Javonte Green,27.3,CHI,Combo,110,67,-1.7,65,-0.5,87,-1.5%,60,-3.1,80,-0.6,30,+3.6%,64,-4.4,34,+0.4,84,-3.2%,37,+3.9
Caleb Martin,25.1,CHA,Wing,734,26,+2.8,34,+0.6,24,+1.0%,26,+6.6,44,+0.1,89,-7.5%,31,+7.7,29,+0.6,22,+2.4%,27,+8.0
Garrison Mathews,24.0,WAS,Wing,981,21,+3.5,53,-0.1,57,-0.2%,42,+1.7,36,+0.3,58,-0.6%,22,+13.0,57,-0.3,74,-1.8%,58,-3.5
Nicolo Melli,29.8,NOP,Big,191,99,-15.7,9,+1.9,10,+2.0%,25,+7.9,86,-0.9,65,-2.0%,46,+0.8,4,+2.0,24,+2.1%,29,+7.2
Nicolo Melli,29.8,DAL,Big,297,72,-2.2,31,+0.7,69,-0.7%,40,+2.4,73,-0.4,92,-8.3%,74,-9.2,24,+0.9,78,-2.3%,34,+5.5
Donta Hall,23.2,ORL,Forward,144,99,-15.0,94,-2.2,88,-1.6%,92,-14.7,85,-0.8,89,-7.5%,86,-18.4,96,-1.9,85,-3.3%,91,-16.6
Charles Brown,23.7,OKC,Combo,118,11,+5.1,81,-1.2,100,-4.3%,78,-8.0,98,-1.7,76,-4.1%,98,-40.3,32,+0.5,91,-4.3%,17,+13.8
Armoni Brooks,22.4,HOU,Combo,466,63,-1.1,45,+0.3,45,+0.2%,76,-7.1,6,+1.4,61,-1.5%,11,+22.0,87,-1.2,59,-0.4%,98,-30.7
Oshae Brissett,22.4,IND,Big,486,61,-0.9,41,+0.4,78,-1.0%,30,+5.8,4,+1.6,50,+0.5%,3,+37.5,86,-1.2,71,-1.5%,80,-10.7
Kendrick Nunn,25.2,MIA,Combo,1597,22,+3.3,29,+0.8,80,-1.1%,33,+5.0,49,+0.0,72,-3.5%,47,+0.6,28,+0.7,67,-1.3%,33,+5.9
Mychal Mulder,26.4,GSW,Combo,647,6,+7.4,37,+0.5,84,-1.3%,28,+6.4,43,+0.1,20,+5.5%,34,+6.3,35,+0.4,87,-3.4%,29,+7.1
Luguentz Dort,21.5,OKC,Wing,1542,73,-2.3,63,-0.5,91,-1.9%,58,-2.1,90,-1.0,88,-7.1%,73,-8.9,29,+0.6,70,-1.5%,31,+6.2
Naz Reid,21.2,MIN,Big,1285,65,-1.5,81,-1.2,60,-0.2%,76,-7.3,45,+0.1,64,-1.9%,52,-0.5,90,-1.4,86,-3.3%,84,-13.2
Kelan Martin,25.2,IND,Forward,257,93,-6.9,36,+0.5,54,-0.1%,66,-4.4,17,+0.8,22,+5.2%,34,+6.4,49,-0.1,56,-0.3%,69,-7.2
Jordan McLaughlin,24.6,MIN,Point,854,77,-3.0,80,-1.2,95,-2.3%,79,-8.4,86,-0.9,91,-8.0%,83,-15.6,60,-0.4,96,-5.2%,69,-7.2
Tyler Cook,23.1,DET,Big,393,39,+1.3,19,+1.3,15,+1.5%,15,+10.7,1,+2.4,20,+5.5%,2,+42.6,80,-0.9,6,+4.7%,60,-4.4
Moses Brown,21.1,OKC,Big,860,12,+4.9,56,-0.2,3,+3.0%,72,-6.1,19,+0.7,3,+11.2%,37,+4.2,74,-0.7,4,+4.9%,83,-12.6
Jaylen Hoard,21.6,OKC,Big,252,71,-2.1,96,-2.5,92,-2.0%,92,-14.7,50,+0.0,84,-6.2%,51,-0.3,98,-3.0,65,-1.1%,97,-29.5
Dean Wade,23.9,CLE,Forward,1126,37,+1.4,18,+1.4,56,-0.1%,22,+8.5,5,+1.4,42,+1.7%,11,+22.3,50,-0.1,89,-3.7%,50,-0.8
Max Strus,24.6,MIA,Wing,455,7,+6.9,7,+2.1,92,-2.0%,2,+24.1,12,+1.0,92,-8.4%,8,+25.1,20,+1.1,90,-4.1%,4,+24.1
John Konchar,24.6,MEM,Forward,468,12,+4.9,84,-1.4,14,+1.6%,86,-11.1,79,-0.5,14,+6.7%,74,-9.1,77,-0.9,19,+2.6%,82,-11.9
Gabe Vincent,24.4,MIA,Combo,634,31,+2.2,26,+1.0,32,+0.7%,14,+10.9,79,-0.6,82,-5.8%,78,-11.8,9,+1.6,3,+5.5%,4,+22.9
Paul Watson,25.8,TOR,Forward,264,18,+3.9,10,+1.8,1,+4.1%,14,+11.0,74,-0.4,32,+3.3%,66,-5.3,3,+2.3,1,+8.3%,10,+18.5
Anthony Edwards,19.2,MIN,Wing,2244,24,+3.1,18,+1.4,14,+1.6%,29,+6.0,10,+1.1,5,+9.9%,13,+19.4,39,+0.3,16,+2.9%,45,+0.1
James Wiseman,19.6,GSW,Big,768,9,+5.5,54,-0.1,3,+3.2%,75,-7.1,97,-1.7,28,+3.7%,99,-43.0,13,+1.4,5,+4.8%,11,+17.3
LaMelo Ball,19.2,CHA,Point,1454,31,+2.1,7,+2.1,16,+1.4%,8,+14.2,2,+2.0,58,-0.6%,4,+35.1,47,+0.0,19,+2.7%,46,+0.0
Patrick Williams,19.2,CHI,Forward,1956,8,+6.2,33,+0.7,9,+2.0%,38,+3.1,61,-0.2,18,+5.9%,79,-12.6,24,+0.9,17,+2.9%,17,+13.8
Isaac Okoro,19.8,CLE,Wing,2139,55,-0.3,86,-1.6,74,-0.8%,87,-11.7,80,-0.6,76,-4.2%,75,-10.5,76,-0.8,73,-1.7%,79,-10.5
Onyeka Okongwu,19.9,ATL,Big,514,3,+10.0,22,+1.2,30,+0.7%,19,+9.1,13,+1.0,97,-11.7%,7,+27.0,33,+0.5,25,+2.0%,31,+6.5
Killian Hayes,19.3,DET,Point,651,71,-2.0,61,-0.4,40,+0.4%,77,-7.4,16,+0.9,88,-7.4%,25,+10.9,88,-1.3,61,-0.6%,90,-16.0
Obi Toppin,22.7,NYK,Forward,663,50,+0.1,32,+0.7,82,-1.2%,13,+11.6,82,-0.6,87,-6.8%,60,-3.4,15,+1.3,53,-0.1%,7,+19.6
Deni Avdija,19.8,WAS,Forward,1224,76,-2.7,54,-0.1,17,+1.4%,66,-4.1,20,+0.6,14,+6.7%,36,+4.8,68,-0.5,36,+1.1%,65,-6.0
Devin Vassell,20.2,SAS,Wing,968,65,-1.4,79,-1.1,36,+0.6%,86,-10.8,89,-1.0,42,+1.7%,96,-31.4,45,+0.1,35,+1.2%,45,+0.1
Tyrese Haliburton,20.7,SAC,Combo,1734,26,+2.8,39,+0.5,50,+0.1%,29,+5.9,21,+0.6,86,-6.6%,12,+20.8,52,-0.1,24,+2.2%,47,-0.2
Kira Lewis Jr.,19.6,NOP,Point,817,81,-3.4,74,-0.9,27,+0.9%,78,-8.0,48,+0.0,34,+3.0%,46,+1.1,84,-1.1,36,+1.1%,91,-16.4
Aaron Nesmith,21.0,BOS,Wing,580,45,+0.6,54,-0.1,66,-0.5%,59,-2.5,41,+0.2,28,+3.8%,42,+2.3,58,-0.3,72,-1.6%,70,-7.4
Cole Anthony,20.5,ORL,Point,1229,17,+4.0,4,+2.7,35,+0.6%,3,+20.3,14,+0.9,38,+2.2%,13,+19.5,8,+1.7,27,+1.8%,8,+19.4
Isaiah Stewart,19.4,DET,Big,1410,88,-5.0,93,-2.1,85,-1.4%,91,-14.2,93,-1.2,87,-7.0%,92,-24.8,78,-0.9,46,+0.5%,73,-8.4
Aleksej Pokusevski,18.9,OKC,Forward,1023,18,+3.9,14,+1.6,17,+1.4%,17,+9.9,10,+1.1,7,+9.1%,35,+5.9,38,+0.3,72,-1.6%,30,+6.6
Josh Green,20.0,DAL,Wing,354,93,-6.4,62,-0.5,14,+1.6%,62,-3.5,76,-0.5,37,+2.3%,71,-7.3,43,+0.2,9,+3.8%,45,+0.2
Saddiq Bey,21.6,DET,Wing,1887,53,-0.2,84,-1.5,26,+0.9%,92,-14.7,64,-0.2,54,-0.1%,73,-8.6,84,-1.1,63,-1.0%,92,-16.7
Precious Achiuwa,21.1,MIA,Big,685,23,+3.1,52,-0.0,29,+0.8%,66,-4.6,70,-0.3,4,+10.7%,91,-23.6,33,+0.5,71,-1.6%,31,+6.4
Tyrese Maxey,20.0,PHI,Combo,800,12,+4.9,19,+1.4,74,-0.8%,20,+8.9,35,+0.3,44,+1.4%,28,+9.7,17,+1.2,69,-1.4%,20,+12.2
Zeke Nnaji,19.8,DEN,Big,290,28,+2.5,50,+0.0,8,+2.1%,54,-1.4,70,-0.3,58,-0.8%,62,-3.7,37,+0.3,32,+1.5%,42,+1.7
R.J. Hampton,19.7,DEN,Wing,176,6,+7.1,27,+0.9,66,-0.5%,33,+5.0,78,-0.5,61,-1.3%,84,-16.4,6,+2.0,90,-4.0%,5,+22.7
R.J. Hampton,19.7,ORL,Combo,574,4,+8.7,16,+1.4,46,+0.2%,23,+8.1,24,+0.5,45,+1.3%,44,+1.7,21,+1.0,53,-0.1%,18,+12.8
Immanuel Quickley,21.4,NYK,Combo,1226,82,-3.6,93,-2.2,94,-2.2%,90,-13.4,77,-0.5,94,-9.4%,71,-7.1,92,-1.6,82,-2.6%,91,-16.3
Payton Pritchard,22.8,BOS,Combo,1234,46,+0.6,82,-1.3,92,-2.0%,72,-6.1,58,-0.1,54,+0.0%,37,+4.6,83,-1.0,96,-5.3%,81,-11.4
Jaden McDaniels,20.1,MIN,Forward,1450,47,+0.3,75,-0.9,68,-0.6%,71,-5.8,74,-0.4,75,-3.8%,72,-7.9,63,-0.5,77,-2.2%,59,-3.8
Malachi Flynn,22.5,TOR,Combo,895,62,-1.1,67,-0.6,42,+0.4%,67,-4.9,63,-0.2,33,+3.0%,60,-3.5,58,-0.3,72,-1.7%,62,-5.0
Desmond Bane,22.4,MEM,Wing,1469,31,+2.2,60,-0.3,39,+0.4%,51,-0.7,40,+0.2,22,+5.1%,58,-2.6,66,-0.5,61,-0.6%,53,-1.8
Theo Maledon,19.4,OKC,Combo,1742,36,+1.5,65,-0.5,7,+2.4%,70,-5.7,30,+0.4,15,+6.4%,38,+3.6,83,-1.1,58,-0.4%,86,-13.9
Xavier Tillman,21.8,MEM,Big,1040,60,-0.8,43,+0.3,97,-2.7%,27,+6.5,89,-1.0,77,-4.4%,84,-16.5,11,+1.5,94,-4.9%,5,+21.9
Saben Lee,21.4,DET,Point,752,42,+0.9,7,+2.1,5,+2.5%,16,+10.4,44,+0.1,29,+3.6%,42,+2.8,4,+2.1,1,+8.1%,13,+16.2
Tre Jones,20.8,SAS,Point,161,2,+10.9,91,-1.9,52,-0.0%,94,-16.4,96,-1.6,39,+2.0%,99,-43.3,61,-0.4,91,-4.1%,63,-5.3
Jordan Nwora,22.1,MIL,Wing,182,13,+4.9,30,+0.8,40,+0.4%,47,+0.2,11,+1.1,7,+9.1%,42,+2.4,43,+0.2,97,-5.4%,51,-1.1
Nico Mannion,19.6,GSW,Point,265,4,+9.2,8,+2.0,76,-0.9%,7,+15.9,21,+0.6,45,+1.3%,18,+15.5,11,+1.5,93,-4.7%,6,+20.3
Isaiah Joe,21.3,PHI,Wing,274,41,+1.0,16,+1.5,73,-0.8%,6,+16.8,67,-0.3,28,+3.9%,43,+2.0,19,+1.1,79,-2.3%,8,+19.4
Skylar Mays,23.2,ATL,Combo,174,89,-5.1,20,+1.3,96,-2.5%,5,+19.5,60,-0.2,97,-11.9%,22,+13.0,17,+1.2,95,-5.1%,4,+23.4
Kenyon Martin Jr.,19.8,HOU,Wing,979,3,+9.5,56,-0.2,86,-1.4%,54,-1.3,83,-0.7,91,-8.1%,75,-10.4,25,+0.8,84,-3.1%,22,+11.1
Reggie Perry,20.6,BKN,Big,142,8,+6.2,10,+1.9,6,+2.4%,22,+8.6,75,-0.4,1,+16.6%,39,+3.3,5,+2.0,2,+6.3%,19,+12.4
Paul Reed,21.4,PHI,Big,105,72,-2.1,34,+0.6,72,-0.8%,69,-5.7,14,+0.9,9,+8.1%,87,-19.4,85,-1.1,99,-8.5%,83,-12.5
Jalen Harris,22.2,TOR,Combo,158,47,+0.4,30,+0.8,33,+0.7%,25,+7.4,86,-0.9,100,-20.3%,64,-4.4,7,+1.9,9,+4.0%,12,+16.6
Sam Merrill,24.5,MIL,Combo,144,11,+5.1,48,+0.1,71,-0.7%,64,-3.8,84,-0.8,61,-1.4%,93,-26.2,20,+1.1,97,-5.5%,28,+7.4
Jae'Sean Tate,25.0,HOU,Forward,2011,86,-4.5,58,-0.3,76,-0.9%,38,+3.2,31,+0.4,83,-6.0%,29,+9.3,68,-0.5,46,+0.4%,43,+1.2
Lamar Stevens,23.3,CLE,Wing,440,10,+5.4,36,+0.5,99,-4.2%,11,+12.8,80,-0.6,86,-6.5%,50,-0.2,19,+1.1,100,-8.9%,8,+19.4
Josh Hall,20.1,OKC,Wing,261,5,+7.5,21,+1.2,28,+0.8%,35,+4.5,29,+0.4,14,+6.7%,52,-0.7,24,+0.9,25,+1.9%,32,+6.1
Mamadi Diakite,23.8,MIL,Big,107,98,-10.7,89,-1.7,44,+0.3%,93,-16.2,61,-0.2,36,+2.5%,82,-15.0,89,-1.4,95,-5.0%,91,-16.6
Freddie Gillespie,23.4,TOR,Big,383,21,+3.4,87,-1.6,2,+4.0%,95,-18.3,90,-1.1,36,+2.5%,98,-38.8,74,-0.7,0,+10.0%,80,-10.8
Killian Tillie,22.7,MEM,Big,131,95,-7.6,99,-3.2,8,+2.1%,99,-26.9,17,+0.8,1,+15.5%,4,+34.0,99,-3.5,8,+4.0%,100,-54.1
Sean McDermott,24.0,MEM,Wing,100,56,-0.4,2,+3.3,0,+5.0%,21,+8.7,68,-0.3,74,-3.6%,93,-27.1,0,+3.4,2,+5.8%,3,+28.9
Markus Howard,21.7,DEN,Point,119,16,+4.1,40,+0.4,2,+3.6%,67,-5.0,26,+0.5,36,+2.5%,53,-1.3,55,-0.2,12,+3.4%,78,-9.7
Facundo Campazzo,29.6,DEN,Point,1369,69,-1.9,49,+0.1,36,+0.5%,43,+1.6,41,+0.2,54,-0.1%,32,+7.1,50,-0.1,53,-0.1%,52,-1.2
Trent Forrest,22.4,UTA,Combo,225,1,+11.3,97,-2.7,69,-0.7%,97,-20.5,87,-0.9,81,-5.3%,70,-6.6,96,-2.0,39,+0.9%,97,-28.9
Nathan Knight,23.1,ATL,Big,181,58,-0.6,25,+1.0,33,+0.6%,41,+2.1,84,-0.8,48,+0.8%,87,-19.1,17,+1.2,42,+0.7%,32,+6.2
Anthony Gill,28.0,WAS,Big,179,89,-5.1,99,-4.8,91,-1.9%,100,-34.5,92,-1.1,95,-10.1%,95,-29.5,99,-3.6,69,-1.5%,98,-35.1
Anthony Lamb,22.8,HOU,Forward,338,30,+2.4,97,-2.8,37,+0.5%,99,-26.2,98,-1.9,24,+4.7%,99,-45.6,75,-0.8,63,-0.8%,80,-11.0
Brodric Thomas,23.8,CLE,Wing,321,21,+3.5,15,+1.5,98,-2.8%,4,+19.9,13,+1.0,79,-5.0%,2,+40.8,38,+0.3,94,-5.0%,27,+8.2
Mason Jones,22.3,HOU,Combo,223,55,-0.3,92,-2.0,5,+2.6%,99,-24.4,100,-3.3,96,-10.5%,100,-69.7,16,+1.2,14,+3.2%,36,+4.2
Naji Marshall,22.8,NOP,Wing,656,77,-3.0,64,-0.5,25,+1.0%,75,-6.9,28,+0.4,82,-5.7%,33,+6.9,75,-0.8,15,+3.1%,81,-11.0
Gabriel Deck,25.7,OKC,Forward,174,5,+7.5,0,+6.5,86,-1.4%,0,+38.3,1,+2.8,17,+6.1%,0,+62.1,1,+3.3,69,-1.4%,4,+25.2