Player,Age,Team,Pos,MIN,FT% Rank,FT%,SFLD% Rank,SFLD%,FFLD% Rank,FFLD%,AND1% Rank,AND1%
Precious Achiuwa,25.1,NYK,Big,1141,8,59.4%,36,10.4%,7,0.5%,61,25.0%
Steven Adams,31.3,HOU,Big,784,1,46.7%,92,18.8%,97,3.2%,61,25.0%
Bam Adebayo,27.3,MIA,Big,2666,64,76.6%,55,12.3%,93,2.6%,40,20.5%
Ochai Agbaji,24.5,TOR,Wing,1711,12,70.8%,16,4.0%,28,0.6%,74,27.3%
Santi Aldama,23.8,MEM,Big,1634,34,69.1%,15,6.8%,17,0.7%,85,31.1%
Nickeil Alexander-Walker,26.2,MIN,Wing,2053,40,77.8%,55,7.5%,68,1.0%,85,33.3%
Grayson Allen,29.1,PHX,Wing,1532,55,81.3%,67,8.8%,84,1.4%,34,17.4%
Jarrett Allen,26.5,CLE,Big,2292,43,71.7%,88,17.1%,86,2.2%,53,23.0%
Jose Alvarado,26.6,NOP,Point,1332,33,81.7%,21,6.0%,12,0.8%,77,28.1%
Kyle Anderson,31.1,MIA,Big,444,67,77.8%,50,11.7%,31,1.0%,0,0.0%
Kyle Anderson,31.1,GSW,Big,508,0,66.7%,18,7.0%,42,1.2%,97,54.5%
Giannis Antetokounmpo,29.9,MIL,Big,2287,13,61.8%,98,22.3%,95,2.9%,66,26.1%
Cole Anthony,24.5,ORL,Point,1172,55,83.2%,48,8.2%,56,1.6%,69,26.7%
OG Anunoby,27.3,NYK,Forward,2701,62,80.8%,64,10.4%,42,0.7%,53,21.7%
Deni Avdija,23.8,POR,Forward,2166,49,78.2%,96,19.2%,90,1.8%,73,26.1%
Deandre Ayton,26.3,POR,Big,1205,20,66.7%,9,5.3%,37,1.1%,68,26.9%
Marcus Bagley,23.0,PHI,Forward,246,0,87.5%,22,5.7%,22,0.5%,0,0.0%
Marvin Bagley,25.6,WAS,Big,115,0,68.8%,76,14.9%,67,1.7%,0,0.0%
LaMelo Ball,23.2,CHA,Point,1501,63,84.1%,56,8.8%,96,3.2%,42,20.2%
Lonzo Ball,27.0,CHI,Wing,776,59,81.5%,5,2.5%,20,0.5%,30,16.7%
Mohamed Bamba,26.5,LAC,Big,316,0,65.2%,58,12.9%,11,0.6%,53,23.1%
Paolo Banchero,22.0,ORL,Big,1580,49,72.6%,91,18.6%,68,1.8%,59,24.0%
Desmond Bane,26.4,MEM,Wing,2191,95,89.3%,50,7.3%,58,1.0%,72,26.9%
Dalano Banton,25.0,POR,Wing,1037,29,75.3%,70,9.6%,56,1.0%,60,25.0%
Dominick Barlow,21.4,ATL,Big,336,28,67.9%,52,11.9%,54,1.4%,96,46.2%
Harrison Barnes,32.4,SAS,Big,2224,78,80.9%,61,13.2%,22,0.8%,22,15.8%
Scottie Barnes,23.3,TOR,Forward,2121,38,75.3%,75,11.6%,94,2.0%,37,18.5%
RJ Barrett,24.4,TOR,Forward,1855,9,63.0%,90,14.7%,78,1.3%,45,20.2%
Charles Bassey,24.0,SAS,Big,316,20,66.7%,38,10.6%,48,1.3%,86,33.3%
Jamison Battle,23.5,TOR,Forward,977,0,88.2%,3,1.9%,26,0.6%,26,16.7%
Nicolas Batum,35.9,LAC,Forward,1344,0,81.0%,10,3.8%,5,0.3%,55,22.2%
Damion Baugh,24.2,CHA,Combo,347,0,92.3%,25,4.9%,41,1.1%,25,16.7%
Bradley Beal,31.3,PHX,Wing,1699,52,80.7%,57,7.6%,81,1.3%,28,16.1%
Malik Beasley,27.9,DET,Wing,2272,5,67.9%,22,4.8%,49,0.9%,68,26.4%
Reece Beekman,23.1,BKN,Point,413,0,70.0%,13,5.2%,29,1.1%,0,0.0%
Goga Bitadze,25.3,ORL,Big,1402,17,64.1%,73,14.6%,76,1.9%,34,20.0%
Bismack Biyombo,32.2,SAS,Big,511,0,40.0%,48,11.5%,27,0.9%,44,21.4%
Anthony Black,20.8,ORL,Combo,1809,32,76.5%,90,13.3%,77,1.7%,72,27.3%
Bogdan Bogdanovic,32.2,LAC,Wing,735,87,87.5%,23,5.1%,66,1.0%,19,14.3%
Bogdan Bogdanovic,32.2,ATL,Wing,597,90,88.2%,34,6.0%,80,1.3%,47,21.4%
Bol Bol,25.0,PHX,Big,375,0,78.9%,7,4.4%,16,0.7%,0,0.0%
Adem Bona,21.6,PHI,Big,822,28,67.9%,93,19.2%,72,1.8%,72,27.5%
Devin Booker,28.0,PHX,Combo,2780,90,89.4%,85,12.7%,99,2.8%,49,23.0%
Brandon Boston Jr.,22.9,NOP,Forward,953,42,76.3%,47,8.7%,54,0.9%,7,5.9%
Chris Boucher,31.8,TOR,Big,842,66,77.6%,37,10.5%,39,1.1%,47,22.0%
Malaki Branham,21.5,SAS,Wing,321,0,87.0%,41,6.5%,51,0.9%,0,0.0%
Christian Braun,23.5,DEN,Wing,2667,66,82.7%,88,12.5%,12,0.4%,59,24.8%
Mikal Bridges,28.2,NYK,Forward,3022,68,81.4%,13,4.3%,59,1.0%,75,26.9%
Miles Bridges,26.6,CHA,Forward,2025,91,87.0%,67,10.9%,60,1.0%,83,28.9%
Oshae Brissett,26.4,PHI,Big,142,0,57.1%,82,16.3%,25,0.9%,76,28.6%
Malcolm Brogdon,31.9,WAS,Combo,563,81,88.0%,94,14.1%,94,2.2%,22,15.8%
Dillon Brooks,28.8,HOU,Forward,2386,64,80.8%,20,5.5%,37,0.7%,60,23.5%
Keion Brooks,24.3,NOP,Forward,301,0,79.2%,80,12.0%,28,0.6%,86,30.8%
Bruce Brown,28.2,TOR,Wing,340,96,89.7%,73,10.0%,36,0.7%,47,21.4%
Bruce Brown,28.2,NOP,Combo,567,24,75.0%,55,9.0%,25,0.8%,80,29.4%
Jaylen Brown,28.0,BOS,Wing,2154,36,76.4%,90,12.9%,99,2.5%,68,26.4%
Kobe Brown,24.8,LAC,Big,156,0,100.0%,2,2.4%,1,0.3%,98,100.0%
Jalen Brunson,28.2,NYK,Point,2300,38,82.1%,87,13.3%,100,3.5%,67,26.0%
Thomas Bryant,27.3,MIA,Big,103,0,100.0%,21,8.3%,46,1.3%,0,0.0%
Thomas Bryant,27.3,IND,Big,814,81,81.3%,28,9.1%,39,1.1%,86,33.3%
Kobe Bufkin,21.1,ATL,Point,116,0,72.2%,100,18.0%,6,0.7%,50,22.2%
Alec Burks,33.3,MIA,Wing,859,39,77.6%,35,6.0%,67,1.0%,35,17.6%
Jared Butler,24.2,WAS,Point,257,0,82.4%,54,8.5%,42,1.3%,98,63.6%
Jared Butler,24.2,PHI,Wing,662,93,88.6%,51,7.3%,42,0.8%,19,14.3%
Jimmy Butler,35.1,GSW,Forward,979,90,86.9%,100,25.7%,99,2.6%,49,20.8%
Jimmy Butler,35.1,MIA,Forward,765,60,80.1%,98,22.3%,97,2.4%,51,21.1%
Matas Buzelis,20.1,CHI,Forward,1440,78,83.5%,53,9.2%,17,0.5%,41,19.2%
Jamal Cain,25.6,NOP,Wing,425,2,66.7%,83,12.0%,63,1.0%,57,23.5%
Kentavious Caldwell-Pope,31.7,ORL,Wing,2277,83,86.3%,19,4.5%,48,0.8%,90,36.0%
Toumani Camara,24.5,POR,Forward,2557,26,72.0%,36,7.6%,75,1.2%,48,20.7%
Vlatko Cancar,27.6,DEN,Big,124,0,0.0%,0,0.0%,30,1.0%,99,0.0%
Clint Capela,30.5,ATL,Big,1173,3,53.6%,48,11.5%,34,1.0%,50,22.4%
Branden Carlson,25.4,OKC,Big,161,0,84.6%,42,11.0%,8,0.5%,61,25.0%
Carlton Carrington,19.3,WAS,Combo,2423,48,81.0%,21,4.1%,45,1.2%,84,32.3%
Devin Carter,22.6,SAC,Combo,344,0,53.3%,68,10.1%,79,1.7%,0,0.0%
Jevon Carter,29.1,CHI,Combo,223,0,75.0%,13,3.1%,3,0.4%,97,66.7%
Wendell Carter,25.5,ORL,Big,1749,53,74.7%,71,14.3%,87,2.2%,39,20.5%
Alex Caruso,30.7,OKC,Forward,1029,71,82.0%,42,8.3%,44,0.7%,84,29.6%
Stephon Castle,20.0,SAS,Combo,2136,15,72.4%,100,15.7%,62,1.4%,46,22.0%
Colin Castleton,24.4,TOR,Big,279,0,75.0%,47,11.4%,24,0.9%,61,25.0%
Julian Champagnie,23.3,SAS,Wing,1916,98,90.3%,29,5.6%,6,0.3%,57,23.7%
Justin Champagnie,23.3,WAS,Big,1261,26,67.8%,17,6.9%,5,0.5%,82,29.6%
Max Christie,21.7,DAL,Wing,940,77,85.0%,58,7.7%,71,1.1%,15,12.5%
Max Christie,21.7,LAL,Wing,1110,76,84.9%,98,15.0%,17,0.5%,74,27.3%
Jaylen Clark,23.1,MIN,Wing,491,43,78.1%,80,11.3%,24,0.6%,0,0.0%
Brandon Clarke,28.1,MEM,Big,1184,42,71.4%,58,12.8%,19,0.7%,96,45.1%
Jordan Clarkson,32.4,UTA,Combo,961,42,79.6%,76,10.9%,93,2.1%,56,24.1%
Nicolas Claxton,25.5,BKN,Big,1889,2,51.3%,42,10.8%,92,2.5%,59,23.9%
Donovan Clingan,20.7,POR,Big,1294,7,58.0%,78,15.3%,47,1.3%,81,29.1%
Noah Clowney,20.3,BKN,Big,1019,92,84.2%,25,9.0%,53,1.4%,27,17.1%
Amir Coffey,27.4,LAC,Forward,1643,96,88.2%,70,11.0%,39,0.7%,34,18.2%
Isaiah Collier,20.1,UTA,Point,1794,3,67.3%,73,11.3%,48,1.3%,60,24.2%
John Collins,27.1,UTA,Big,1218,93,84.6%,67,13.9%,89,2.4%,75,28.0%
Zach Collins,27.0,CHI,Big,536,97,87.8%,35,10.3%,78,1.9%,21,15.8%
Zach Collins,27.0,SAS,Big,398,98,88.6%,44,11.1%,70,1.8%,86,33.3%
Mike Conley,37.1,MIN,Point,1755,93,89.9%,19,5.9%,38,1.2%,8,6.9%
Pat Connaughton,31.8,MIL,Wing,570,20,73.1%,30,5.7%,53,0.9%,41,20.0%
Bilal Coulibaly,20.3,WAS,Wing,1944,27,74.6%,96,14.0%,50,0.9%,71,26.8%
Ricky Council,23.2,PHI,Combo,1154,39,78.8%,95,15.1%,49,1.3%,48,22.9%
Torrey Craig,33.9,BOS,Wing,180,0,62.5%,63,8.5%,0,0.0%,0,0.0%
Torrey Craig,33.9,CHI,Forward,106,0,50.0%,6,2.2%,0,0.0%,0,0.0%
Cade Cunningham,23.1,DET,Combo,2451,65,84.6%,71,10.5%,84,1.9%,54,23.6%
Seth Curry,34.2,CHA,Wing,1056,73,84.6%,20,4.6%,76,1.2%,92,37.5%
Stephen Curry,36.6,GSW,Point,2250,100,93.2%,46,7.9%,83,2.5%,79,29.5%
Dyson Daniels,21.6,ATL,Combo,2568,2,59.3%,41,7.1%,26,0.8%,32,18.8%
Anthony Davis,31.6,DAL,Big,265,31,68.8%,72,14.5%,81,2.0%,22,16.0%
Anthony Davis,31.6,LAL,Big,1439,70,78.8%,83,16.3%,94,2.8%,70,27.1%
Johnny Davis,22.7,WAS,Wing,129,0,33.3%,9,2.8%,55,1.0%,0,0.0%
DeMar DeRozan,35.2,SAC,Wing,2761,81,85.7%,99,15.2%,75,1.2%,58,24.7%
Donte DiVincenzo,27.8,MIN,Combo,1584,34,77.0%,20,3.5%,52,1.3%,20,14.3%
Moussa Diabate,22.8,CHA,Big,1159,6,56.3%,77,15.1%,73,1.8%,52,22.7%
Gradey Dick,21.0,TOR,Wing,1573,80,85.6%,69,9.0%,78,1.3%,11,8.1%
Ousmane Dieng,21.5,OKC,Big,312,0,60.0%,11,6.2%,1,0.3%,86,33.3%
Rob Dillingham,19.8,MIN,Point,442,0,61.5%,10,3.9%,62,1.7%,94,42.9%
Spencer Dinwiddie,31.6,DAL,Combo,2097,44,80.0%,98,15.6%,44,1.2%,67,26.1%
Luka Doncic,25.7,DAL,Point,780,18,76.3%,85,13.0%,87,2.7%,87,31.8%
Luka Doncic,25.7,LAL,Point,983,25,79.0%,98,17.9%,69,1.9%,44,20.5%
Luguentz Dort,25.5,OKC,Wing,2071,17,71.7%,17,4.1%,23,0.6%,83,32.0%
Ayo Dosunmu,24.8,CHI,Wing,1391,45,78.5%,50,7.2%,43,0.8%,81,29.4%
Jeff Dowtin,27.5,PHI,Wing,564,24,73.5%,60,7.9%,60,1.0%,89,35.3%
Andre Drummond,31.2,PHI,Big,741,14,62.5%,75,14.8%,65,1.7%,58,23.7%
Kris Dunn,30.6,LAC,Combo,1779,0,68.2%,3,1.8%,11,0.5%,61,25.0%
Ryan Dunn,21.8,PHX,Forward,1384,1,48.7%,11,4.0%,3,0.2%,11,10.5%
Kevin Durant,36.1,PHX,Big,2262,91,83.9%,56,12.4%,98,3.3%,60,24.7%
Jalen Duren,21.0,DET,Big,2033,22,67.2%,92,18.7%,64,1.6%,57,23.5%
Tari Eason,23.5,HOU,Forward,1405,39,76.0%,40,8.1%,45,0.8%,59,23.4%
Zach Edey,22.6,MEM,Big,1380,40,70.9%,60,13.2%,59,1.5%,93,37.7%
Anthony Edwards,23.2,MIN,Combo,2870,61,83.5%,87,13.1%,76,1.6%,61,25.0%
Justin Edwards,20.9,PHI,Forward,1117,30,72.7%,19,5.0%,25,0.5%,6,5.3%
Kessler Edwards,24.2,DAL,Big,549,0,92.3%,6,4.0%,18,0.7%,34,20.0%
Keon Ellis,24.8,SAC,Combo,1928,66,84.9%,46,7.7%,37,1.0%,57,24.3%
Joel Embiid,30.6,PHI,Big,574,97,88.2%,95,20.4%,96,3.0%,26,16.9%
Tyson Etienne,25.1,BKN,Wing,136,0,80.0%,38,6.4%,77,1.3%,0,0.0%
Drew Eubanks,27.7,LAC,Big,133,0,80.0%,49,11.6%,3,0.3%,0,0.0%
Drew Eubanks,27.7,UTA,Big,547,14,62.3%,70,14.1%,79,2.0%,12,8.7%
Tosan Evbuomwan,23.7,BKN,Forward,628,40,76.1%,91,14.8%,71,1.1%,30,17.1%
Dante Exum,29.3,DAL,Combo,370,19,74.2%,66,9.8%,59,1.4%,45,21.4%
Bruno Fernando,26.2,TOR,Big,129,0,75.0%,26,9.1%,77,1.9%,0,0.0%
Kyle Filipowski,21.0,UTA,Big,1480,19,65.2%,56,12.4%,52,1.3%,55,23.2%
Dorian Finney-Smith,31.5,LAL,Forward,1236,0,71.4%,7,2.5%,10,0.4%,19,14.3%
Dorian Finney-Smith,31.5,BKN,Big,579,0,62.5%,7,4.3%,36,1.1%,76,28.6%
Adam Flagler,24.9,OKC,Combo,108,0,50.0%,0,0.0%,6,0.4%,100,0.0%
Simone Fontecchio,28.9,DET,Forward,1186,75,82.9%,55,9.5%,47,0.8%,55,22.2%
De'Aaron Fox,26.9,SAC,Point,1662,53,82.9%,79,12.1%,58,1.6%,17,16.9%
De'Aaron Fox,26.9,SAS,Combo,578,55,81.9%,78,11.4%,57,1.4%,37,20.0%
Enrique Freeman,24.3,IND,Big,142,0,80.0%,79,15.6%,88,2.3%,34,20.0%
Markelle Fultz,26.4,SAC,Combo,130,0,100.0%,7,2.4%,1,0.3%,99,100.0%
Johnny Furphy,19.9,IND,Wing,290,0,80.0%,64,8.5%,89,1.5%,100,57.1%
Daniel Gafford,26.1,DAL,Big,1225,32,68.9%,93,19.7%,82,2.1%,76,28.3%
Darius Garland,24.8,CLE,Point,2295,80,87.8%,52,8.5%,65,1.8%,54,23.6%
Luka Garza,25.8,MIN,Big,132,0,69.6%,72,14.5%,75,1.9%,12,10.0%
Keyonte George,21.0,UTA,Combo,2066,50,81.6%,83,12.4%,71,1.6%,66,25.2%
Kyshawn George,20.9,WAS,Wing,1771,30,75.3%,45,6.8%,73,1.1%,40,18.4%
Paul George,34.5,PHI,Wing,1321,58,81.4%,52,7.3%,96,1.9%,60,25.0%
Taj Gibson,39.4,CHA,Big,386,0,60.0%,14,6.7%,58,1.5%,23,16.7%
Josh Giddey,22.1,CHI,Point,2113,23,78.1%,81,12.1%,52,1.4%,35,19.6%
Shai Gilgeous-Alexander,26.3,OKC,Point,2595,90,89.8%,92,15.0%,90,2.9%,48,21.8%
Anthony Gill,32.0,WAS,Forward,273,10,65.4%,93,16.4%,72,1.1%,26,16.7%
Collin Gillespie,25.4,PHX,Combo,418,0,88.2%,30,5.4%,39,1.1%,17,12.5%
Rudy Gobert,32.4,MIN,Big,2382,25,67.5%,96,21.0%,81,2.0%,31,18.6%
Jordan Goodwin,26.0,LAL,Combo,512,0,75.0%,1,1.5%,8,0.4%,92,50.0%
Aaron Gordon,29.1,DEN,Big,1444,80,81.0%,81,16.0%,42,1.2%,32,18.7%
Eric Gordon,35.9,PHI,Wing,756,28,75.0%,70,9.1%,33,0.7%,23,15.0%
Jerami Grant,30.6,POR,Big,1523,95,84.9%,46,11.4%,40,1.1%,29,18.1%
AJ Green,25.1,MIL,Wing,1638,53,80.8%,3,1.7%,32,0.7%,78,28.6%
Draymond Green,34.7,GSW,Big,1980,31,68.7%,38,10.6%,84,2.1%,73,27.6%
Jalen Green,22.7,HOU,Wing,2680,54,81.1%,71,9.7%,86,1.4%,45,20.7%
Javonte Green,31.3,CLE,Wing,153,0,50.0%,44,6.8%,83,1.3%,97,50.0%
Javonte Green,31.3,NOP,Wing,1074,33,75.8%,97,14.8%,43,0.8%,83,30.6%
Jeff Green,38.2,HOU,Forward,348,0,83.3%,65,10.4%,7,0.4%,26,16.7%
Josh Green,24.0,CHA,Wing,1884,7,68.1%,48,7.0%,44,0.8%,29,16.1%
Quentin Grimes,24.5,PHI,Combo,942,27,75.2%,72,10.5%,90,1.9%,69,26.9%
Quentin Grimes,24.5,DAL,Wing,1022,42,77.9%,68,8.8%,79,1.3%,87,34.4%
Mouhamed Gueye,22.0,ATL,Big,515,61,76.2%,45,11.3%,10,0.6%,17,14.3%
Rui Hachimura,26.7,LAL,Forward,1868,44,77.0%,56,9.6%,21,0.5%,36,18.3%
Tyrese Haliburton,24.7,IND,Combo,2450,68,85.1%,47,7.8%,66,1.5%,76,28.0%
Tim Hardaway Jr.,32.6,DET,Forward,2152,83,86.0%,38,7.9%,68,1.0%,77,28.1%
James Harden,35.2,LAC,Point,2787,73,87.5%,96,16.0%,67,1.9%,27,18.2%
Jaden Hardy,21.3,DAL,Combo,831,6,68.4%,53,8.5%,32,0.9%,14,11.8%
Elijah Harkless,24.7,UTA,Wing,135,0,50.0%,59,7.9%,95,1.8%,0,0.0%
Gary Harris,30.1,ORL,Wing,709,0,58.3%,2,1.5%,5,0.3%,0,0.0%
Tobias Harris,32.3,DET,Forward,2305,86,86.1%,57,9.7%,31,0.6%,63,23.8%
Josh Hart,29.7,NYK,Wing,2891,37,77.5%,85,12.2%,65,1.0%,77,27.5%
Isaiah Hartenstein,26.5,OKC,Big,1589,24,67.5%,41,10.7%,28,1.0%,55,23.2%
Sam Hauser,26.9,BOS,Forward,1503,0,100.0%,1,0.9%,33,0.6%,98,50.0%
Jordan Hawkins,22.5,NOP,Wing,1277,63,82.0%,27,5.4%,70,1.1%,18,13.3%
Jaxson Hayes,24.4,LAL,Big,1074,11,61.5%,90,18.4%,88,2.3%,65,25.5%
Killian Hayes,23.3,BKN,Point,152,0,87.5%,31,7.1%,31,1.1%,0,0.0%
Scoot Henderson,20.7,POR,Point,1732,15,76.2%,71,11.2%,71,2.0%,12,15.9%
Tyler Herro,24.8,MIA,Combo,2718,77,87.7%,63,9.6%,54,1.4%,60,24.8%
Buddy Hield,31.9,GSW,Wing,1834,71,83.9%,10,2.8%,19,0.5%,91,36.4%
Haywood Highsmith,27.9,MIA,Forward,1803,27,72.1%,14,4.5%,24,0.5%,75,27.8%
Aaron Holiday,28.1,HOU,Combo,688,84,88.9%,17,3.4%,33,0.9%,87,37.5%
Jrue Holiday,34.4,BOS,Combo,1891,95,90.9%,28,5.1%,28,0.8%,52,23.3%
Ron Holland II,19.3,DET,Forward,1170,35,75.0%,89,14.6%,74,1.2%,66,24.2%
Richaun Holmes,31.0,WAS,Big,507,92,84.5%,97,21.2%,56,1.4%,61,25.0%
Chet Holmgren,22.5,OKC,Big,873,58,75.8%,85,16.7%,49,1.3%,30,18.5%
Jalen Hood-Schifino,21.4,PHI,Forward,295,0,80.0%,28,6.9%,41,0.7%,19,14.3%
Al Horford,38.4,BOS,Big,1658,99,89.5%,5,3.4%,8,0.5%,14,12.5%
Talen Horton-Tucker,23.9,CHI,Wing,639,25,74.4%,95,13.9%,69,1.0%,17,12.8%
Caleb Houstan,21.8,ORL,Wing,654,0,83.3%,1,1.3%,16,0.5%,97,50.0%
Jett Howard,21.1,ORL,Wing,594,0,66.7%,21,4.7%,4,0.3%,41,20.0%
Kevin Huerter,26.2,SAC,Wing,886,0,72.0%,14,3.8%,2,0.2%,12,8.3%
Kevin Huerter,26.2,CHI,Wing,775,0,71.4%,11,3.0%,10,0.4%,50,22.2%
Jay Huff,27.2,MEM,Big,681,72,79.6%,16,6.8%,35,1.1%,19,15.0%
Ariel Hukporti,22.6,NYK,Big,146,0,28.6%,53,12.0%,2,0.3%,86,33.3%
DeAndre Hunter,26.9,ATL,Forward,1062,82,85.8%,76,11.8%,100,3.1%,63,23.8%
DeAndre Hunter,26.9,CLE,Forward,676,73,82.1%,59,9.8%,84,1.5%,8,6.9%
Nah'Shon Hyland,24.1,LAC,Point,104,0,77.8%,42,7.7%,60,1.6%,62,25.0%
Oso Ighodaro,22.3,PHX,Big,972,5,55.8%,28,9.1%,38,1.1%,57,23.5%
Joe Ingles,37.1,MIN,Forward,114,0,0.0%,0,0.0%,92,1.9%,100,0.0%
Brandon Ingram,27.2,NOP,Wing,595,78,85.5%,53,7.3%,100,2.8%,24,15.4%
Kyrie Irving,32.6,DAL,Combo,1802,97,91.6%,56,9.1%,72,1.6%,71,27.2%
Jonathan Isaac,27.1,ORL,Forward,1082,16,68.9%,72,11.3%,83,1.5%,31,17.5%
Jaden Ivey,22.7,DET,Combo,897,16,73.0%,84,12.4%,69,1.5%,51,23.2%
Jaren Jackson,25.1,MEM,Big,2197,68,78.1%,69,14.1%,90,2.4%,65,25.9%
Quenton Jackson,26.1,IND,Wing,336,40,77.8%,87,12.3%,37,0.8%,78,28.6%
Reggie Jackson,34.5,PHI,Combo,362,0,77.8%,6,2.4%,9,0.5%,85,33.3%
GG Jackson II,19.9,MEM,Forward,433,22,70.0%,35,7.5%,69,1.1%,79,28.6%
Andre Jackson Jr.,23.0,MIL,Wing,939,0,55.0%,32,5.8%,8,0.3%,38,18.2%
Trayce Jackson-Davis,24.7,GSW,Big,903,9,59.6%,82,16.2%,22,0.8%,68,26.9%
LeBron James,39.8,LAL,Big,2443,69,78.2%,43,11.0%,74,1.8%,46,21.7%
Jaime Jaquez Jr.,23.7,MIA,Wing,1328,35,76.3%,94,13.7%,47,0.8%,49,22.1%
DaQuan Jeffries,27.2,CHA,Forward,1020,53,78.6%,16,4.8%,16,0.5%,19,14.3%
Trey Jemison,24.9,NOP,Big,134,0,41.2%,99,23.3%,13,0.6%,17,14.3%
Trey Jemison,24.9,LAL,Big,183,0,50.0%,23,8.6%,28,1.0%,0,0.0%
Ty Jerome,27.3,CLE,Combo,1304,69,86.2%,78,11.4%,64,1.5%,83,30.0%
Isaiah Joe,25.3,OKC,Wing,1537,64,82.4%,12,3.4%,82,1.3%,66,26.3%
AJ Johnson,19.9,WAS,Wing,567,92,88.6%,65,8.7%,26,0.6%,35,17.6%
Cameron Johnson,28.7,BKN,Forward,1799,99,89.3%,62,10.2%,93,1.9%,47,20.5%
Jalen Johnson,22.9,ATL,Forward,1284,34,74.6%,69,11.0%,58,0.9%,78,28.1%
Keldon Johnson,25.0,SAS,Forward,1830,47,77.4%,81,12.1%,49,0.8%,91,32.0%
Keon Johnson,22.6,BKN,Combo,1892,29,75.4%,45,7.7%,36,1.0%,36,19.7%
Nikola Jokic,29.7,DEN,Big,2570,75,80.4%,53,11.9%,99,3.8%,85,31.6%
Colby Jones,22.4,WAS,Wing,361,1,64.5%,76,10.3%,90,1.6%,38,18.2%
Dillon Jones,23.0,OKC,Forward,422,0,66.7%,28,6.9%,23,0.5%,19,14.3%
Herbert Jones,26.1,NOP,Forward,648,74,82.5%,61,10.1%,34,0.7%,11,10.5%
Isaac Jones,25.3,SAC,Big,218,0,56.5%,96,20.6%,62,1.5%,94,38.5%
Kai Jones,23.8,DAL,Big,240,0,68.4%,84,16.4%,10,0.6%,95,41.7%
Kai Jones,23.8,LAC,Big,105,0,60.0%,70,14.3%,21,0.8%,86,33.3%
Tre Jones,24.8,SAS,Combo,446,19,74.2%,82,12.4%,61,1.4%,92,50.0%
Tre Jones,24.8,CHI,Wing,439,87,87.5%,72,9.9%,70,1.1%,70,26.7%
Tyus Jones,28.5,PHX,Point,2163,88,89.5%,6,2.5%,15,0.9%,23,17.6%
Derrick Jones Jr.,27.7,LAC,Big,1864,38,70.1%,32,9.9%,9,0.6%,79,29.0%
DeAndre Jordan,36.3,DEN,Big,670,0,40.3%,95,20.4%,85,2.2%,42,21.2%
Cory Joseph,33.2,ORL,Point,552,0,81.3%,15,5.8%,54,1.5%,90,37.5%
Nikola Jovic,21.4,MIA,Big,1139,88,83.7%,36,10.4%,45,1.2%,44,21.4%
Johnny Juzang,23.6,UTA,Wing,1225,81,85.7%,18,4.3%,21,0.6%,88,35.0%
Luke Kennard,28.4,MEM,Combo,1445,89,89.1%,15,3.3%,30,0.8%,77,28.6%
Walker Kessler,23.3,UTA,Big,1727,3,52.0%,87,16.9%,41,1.1%,92,35.4%
Corey Kispert,25.7,WAS,Forward,1596,81,85.2%,25,6.6%,8,0.4%,25,15.4%
Maxi Kleber,32.8,DAL,Big,636,0,76.2%,24,8.7%,38,1.1%,13,11.1%
Dalton Knecht,23.5,LAL,Wing,1417,31,75.3%,37,6.2%,30,0.7%,14,9.1%
Tyler Kolek,23.6,NYK,Point,208,0,63.6%,63,10.0%,63,1.7%,40,20.0%
Christian Koloko,24.4,LAL,Big,288,0,66.7%,14,6.7%,85,2.1%,0,0.0%
John Konchar,28.6,MEM,Wing,473,0,87.5%,36,6.0%,39,0.8%,94,40.0%
Luke Kornet,29.3,BOS,Big,1337,33,69.1%,81,16.1%,62,1.6%,28,18.0%
Vit Krejci,24.4,ATL,Wing,1120,16,71.1%,47,6.9%,25,0.6%,19,14.3%
Jonathan Kuminga,22.1,GSW,Forward,1118,14,68.0%,94,16.5%,63,1.0%,10,10.2%
Kyle Kuzma,29.3,WAS,Forward,886,5,60.2%,45,8.6%,80,1.4%,26,16.7%
Kyle Kuzma,29.3,MIL,Forward,1047,13,65.7%,82,12.6%,36,0.7%,55,22.2%
Jake LaRavia,23.0,SAC,Forward,354,0,57.9%,54,9.4%,61,1.0%,14,11.1%
Jake LaRavia,23.0,MEM,Forward,930,17,69.2%,92,15.4%,64,1.0%,16,12.5%
Zach LaVine,29.6,SAC,Combo,1169,74,87.4%,60,9.5%,46,1.2%,78,28.8%
Zach LaVine,29.6,CHI,Wing,1431,49,79.7%,79,11.1%,93,1.7%,50,22.1%
Jock Landale,29.0,HOU,Big,416,42,71.4%,62,13.3%,29,1.0%,42,21.1%
Pelle Larsson,23.7,MIA,Wing,728,5,67.9%,89,12.6%,57,1.0%,72,26.9%
A.J. Lawson,24.3,TOR,Wing,459,13,70.9%,92,13.3%,27,0.6%,24,15.4%
Caris LeVert,30.2,ATL,Wing,691,18,72.2%,81,11.3%,35,0.7%,84,32.4%
Caris LeVert,30.2,CLE,Wing,896,11,70.4%,77,10.6%,62,1.0%,35,17.6%
Alex Len,31.4,LAL,Big,101,0,25.0%,8,5.0%,5,0.4%,0,0.0%
Alex Len,31.4,SAC,Big,215,0,54.5%,85,16.7%,73,1.8%,23,16.7%
Kawhi Leonard,33.3,LAC,Forward,1179,65,81.0%,47,8.7%,98,2.4%,65,24.1%
Maxwell Lewis,22.3,BKN,Wing,268,0,87.5%,17,4.1%,1,0.2%,0,0.0%
Damian Lillard,34.3,MIL,Point,2092,95,92.3%,88,13.5%,92,2.9%,19,17.3%
Dereck Lively II,20.7,DAL,Big,827,16,63.4%,84,16.4%,19,0.7%,33,19.4%
Kevon Looney,28.7,GSW,Big,1110,8,58.3%,67,13.9%,55,1.4%,47,22.0%
Brook Lopez,36.6,MIL,Big,2544,84,82.4%,24,8.7%,33,1.0%,81,29.2%
Kevin Love,36.2,MIA,Big,251,0,69.6%,13,6.6%,66,1.7%,14,12.5%
Kyle Lowry,38.6,PHI,Combo,652,52,81.8%,54,8.9%,51,1.3%,0,0.0%
Trey Lyles,29.0,SAC,Big,1317,36,69.7%,26,9.1%,30,1.0%,23,16.7%
Sandro Mamukelashvili,25.4,SAS,Big,581,63,76.3%,21,7.8%,26,0.9%,67,26.3%
Terance Mann,28.0,ATL,Wing,677,2,66.7%,57,7.6%,38,0.8%,81,29.4%
Terance Mann,28.0,LAC,Wing,687,0,76.0%,38,6.4%,40,0.8%,12,8.3%
Tre Mann,23.7,CHA,Combo,314,0,89.5%,24,4.9%,67,1.5%,87,37.5%
Lauri Markkanen,27.4,UTA,Forward,1474,94,87.6%,51,9.0%,96,2.3%,40,19.1%
Naji Marshall,26.8,DAL,Forward,1862,70,81.6%,60,10.1%,52,0.8%,54,21.9%
Caleb Martin,29.1,PHI,Forward,924,6,62.5%,68,10.9%,67,1.0%,24,14.8%
Caleb Martin,29.1,DAL,Forward,267,0,61.1%,83,12.7%,19,0.5%,42,20.0%
Cody Martin,29.1,CHA,Wing,962,8,69.4%,43,6.7%,46,0.8%,0,0.0%
Cody Martin,29.1,PHX,Forward,191,0,70.0%,52,9.1%,15,0.5%,96,40.0%
Jaylen Martin,20.8,WAS,Wing,215,0,90.0%,49,7.0%,3,0.2%,94,40.0%
Tyrese Martin,25.7,BKN,Combo,1265,56,82.0%,29,5.2%,16,0.7%,9,4.2%
Kenyon Martin Jr.,23.8,UTA,Big,431,0,72.2%,34,10.3%,4,0.4%,97,54.5%
Kenyon Martin Jr.,23.8,PHI,Big,460,81,81.5%,61,13.2%,6,0.5%,44,21.4%
Garrison Mathews,28.0,ATL,Wing,796,69,82.9%,82,11.4%,57,1.0%,54,22.6%
Bennedict Mathurin,22.4,IND,Wing,2134,70,83.2%,100,16.1%,91,1.6%,37,17.9%
Karlo Matkovic,23.6,NOP,Big,719,58,75.7%,20,7.7%,27,1.0%,74,27.8%
Tyrese Maxey,24.0,PHI,Point,1944,83,88.2%,67,10.5%,77,2.1%,85,31.1%
Miles McBride,24.1,NYK,Combo,1537,47,80.3%,23,4.7%,29,0.8%,24,16.0%
Jared McCain,20.7,PHI,Combo,576,82,88.7%,49,8.0%,55,1.4%,11,8.7%
CJ McCollum,33.1,NOP,Combo,1828,13,71.7%,39,7.0%,53,1.4%,41,20.3%
TJ McConnell,32.6,IND,Point,1413,13,74.0%,12,4.8%,21,1.0%,13,16.1%
Jaden McDaniels,24.1,MIN,Forward,2610,66,81.3%,30,7.0%,55,0.9%,88,31.1%
Doug McDermott,32.8,SAC,Forward,260,0,50.0%,2,1.2%,1,0.2%,0,0.0%
Jordan McLaughlin,28.6,SAC,Combo,133,0,71.4%,64,9.7%,91,2.0%,0,0.0%
De'Anthony Melton,26.4,GSW,Wing,119,0,50.0%,3,1.8%,94,1.7%,0,0.0%
Sam Merrill,28.5,CLE,Wing,1335,100,96.2%,0,1.2%,52,0.9%,0,0.0%
Vasilije Micic,30.8,CHA,Combo,757,71,86.5%,32,5.7%,48,1.3%,61,25.0%
Khris Middleton,33.2,MIL,Forward,533,79,84.8%,31,7.3%,87,1.6%,67,25.0%
Khris Middleton,33.2,WAS,Forward,309,88,86.8%,87,13.8%,75,1.2%,90,31.6%
Brandon Miller,21.9,CHA,Forward,923,84,86.1%,26,6.6%,85,1.5%,32,17.6%
Jordan Miller,24.8,LAC,Wing,286,0,68.4%,56,7.5%,88,1.5%,15,12.5%
Patty Mills,36.2,UTA,Point,260,0,100.0%,2,1.3%,2,0.6%,0,0.0%
Shake Milton,28.1,BKN,Combo,478,24,75.0%,70,10.4%,68,1.5%,80,29.4%
Shake Milton,28.1,LAL,Wing,285,0,85.7%,83,12.0%,83,1.4%,74,27.3%
Josh Minott,21.9,MIN,Forward,178,0,100.0%,9,3.4%,62,1.0%,0,0.0%
Yves Missi,20.5,NOP,Big,1937,15,63.1%,90,18.4%,44,1.2%,32,19.0%
Ajay Mitchell,22.4,OKC,Combo,529,52,81.8%,75,10.7%,80,1.8%,90,44.4%
Davion Mitchell,26.2,MIA,Point,940,5,67.4%,60,8.9%,19,1.0%,52,22.7%
Davion Mitchell,26.2,TOR,Point,1074,8,67.6%,23,6.1%,8,0.8%,96,46.7%
Donovan Mitchell,28.2,CLE,Combo,2228,58,82.2%,69,10.4%,97,2.3%,43,20.9%
Evan Mobley,23.4,CLE,Big,2161,45,72.0%,78,15.5%,56,1.4%,75,28.0%
Jonathan Mogbo,23.0,TOR,Big,1209,37,69.9%,45,11.2%,15,0.7%,72,27.5%
Malik Monk,26.7,SAC,Wing,2053,86,86.5%,61,8.0%,64,1.0%,70,26.6%
Moses Moody,22.4,GSW,Wing,1591,47,79.4%,78,11.0%,50,0.9%,27,15.6%
Wendell Moore Jr.,23.1,CHA,Wing,230,0,50.0%,33,5.9%,10,0.4%,97,50.0%
Wendell Moore Jr.,23.1,DET,Wing,173,0,90.9%,93,13.6%,3,0.2%,30,16.7%
Ja Morant,25.2,MEM,Point,1513,43,82.3%,94,15.6%,75,2.0%,65,25.3%
Markieff Morris,35.2,LAL,Big,106,0,100.0%,2,2.4%,4,0.4%,0,0.0%
Monte Morris,29.3,PHX,Point,501,68,85.0%,58,8.8%,4,0.7%,6,6.3%
Trey Murphy III,24.4,NOP,Forward,1851,97,89.1%,73,11.4%,88,1.6%,67,25.0%
Dejounte Murray,28.1,NOP,Point,1012,35,82.1%,65,10.4%,25,1.0%,37,19.6%
Jamal Murray,27.7,DEN,Combo,2409,84,88.9%,43,7.4%,89,1.9%,34,19.5%
Keegan Murray,24.2,SAC,Forward,2600,77,83.3%,18,5.0%,6,0.4%,93,33.3%
Kris Murray,24.2,POR,Forward,909,0,44.2%,44,8.4%,20,0.5%,9,9.1%
Sviatoslav Mykhailiuk,27.4,UTA,Wing,751,48,79.4%,23,5.2%,18,0.5%,60,25.0%
Larry Nance Jr.,31.8,ATL,Big,463,0,69.2%,4,3.2%,43,1.2%,34,20.0%
Andrew Nembhard,24.8,IND,Combo,1871,40,79.3%,61,9.5%,56,1.4%,37,20.0%
Aaron Nesmith,25.0,IND,Wing,1123,99,91.3%,66,8.8%,63,1.0%,94,40.0%
Georges Niang,31.4,ATL,Forward,640,56,79.3%,12,4.3%,53,0.8%,93,33.3%
Georges Niang,31.4,CLE,Forward,1005,56,79.3%,5,2.1%,46,0.8%,97,42.9%
Zeke Nnaji,23.8,DEN,Big,545,12,61.5%,63,13.5%,32,1.0%,10,5.3%
Jaylen Nowell,25.3,NOP,Combo,154,0,63.6%,52,8.5%,13,0.6%,25,16.7%
Jusuf Nurkic,30.2,PHX,Big,591,36,69.6%,89,17.5%,84,2.1%,30,18.2%
Jusuf Nurkic,30.2,CHA,Big,465,10,61.4%,68,14.0%,96,3.1%,84,31.0%
Royce O'Neale,31.4,PHX,Forward,1805,31,73.1%,4,1.9%,12,0.4%,34,18.2%
Chuma Okeke,26.2,PHI,Wing,171,0,66.7%,10,2.9%,77,1.3%,0,0.0%
Josh Okogie,26.2,PHX,Forward,324,22,70.0%,88,13.8%,57,0.9%,60,23.5%
Josh Okogie,26.2,CHA,Forward,274,45,77.4%,99,23.1%,48,0.8%,33,17.9%
Onyeka Okongwu,23.9,ATL,Big,2062,60,75.9%,65,13.6%,47,1.3%,50,22.3%
Isaac Okoro,23.8,CLE,Forward,984,52,78.4%,24,6.4%,43,0.7%,15,11.8%
Kelly Olynyk,33.5,TOR,Big,377,75,80.5%,64,13.5%,72,1.8%,10,5.6%
Kelly Olynyk,33.5,NOP,Big,507,55,75.4%,73,14.5%,90,2.4%,13,12.0%
Kelly Oubre,28.9,PHI,Forward,2065,36,75.1%,78,12.0%,66,1.0%,89,31.3%
Chris Paul,39.5,SAS,Point,2291,98,92.4%,4,2.2%,44,1.3%,10,15.4%
Cameron Payne,30.2,NYK,Combo,1037,98,91.8%,22,4.6%,31,0.8%,37,20.0%
Elfrid Payton,30.7,NOP,Combo,359,0,57.1%,13,3.1%,21,0.7%,85,33.3%
Elfrid Payton,30.7,CHA,Point,104,0,0.0%,0,0.0%,0,0.4%,100,0.0%
Gary Payton II,31.9,GSW,Wing,920,10,69.4%,37,6.2%,31,0.7%,99,52.6%
Drew Peterson,25.0,BOS,Forward,127,0,66.7%,32,7.4%,65,1.0%,0,0.0%
Julian Phillips,21.0,CHI,Big,1044,82,82.1%,35,10.3%,15,0.7%,56,23.3%
Jalen Pickett,25.0,DEN,Combo,573,0,75.0%,10,2.6%,0,0.2%,92,50.0%
Scotty Pippen,24.0,MEM,Combo,1658,11,71.4%,86,12.8%,78,1.7%,79,29.3%
Mason Plumlee,34.7,PHX,Big,1255,18,64.2%,99,23.0%,64,1.7%,14,12.5%
Brandin Podziemski,21.7,GSW,Combo,1675,31,76.1%,37,6.5%,43,1.2%,59,24.4%
Jakob Poeltl,29.0,TOR,Big,1685,23,67.4%,44,11.2%,52,1.4%,83,30.0%
Jordan Poole,25.4,WAS,Point,2000,85,88.3%,62,9.0%,98,3.4%,15,16.7%
Craig Porter,24.7,CLE,Combo,401,0,68.0%,72,10.5%,24,0.8%,61,25.0%
Kevin Porter,24.5,MIL,Combo,596,79,87.9%,92,13.9%,87,1.9%,44,21.1%
Kevin Porter,24.5,LAC,Combo,842,3,62.0%,51,8.1%,85,1.9%,30,18.2%
Michael Porter,26.3,DEN,Forward,2590,43,76.7%,39,7.9%,51,0.8%,46,20.5%
Bobby Portis,29.7,MIL,Big,1237,87,83.6%,10,5.4%,50,1.3%,71,27.3%
Kristaps Porzingis,29.3,BOS,Big,1208,78,80.9%,66,13.8%,100,4.4%,21,15.7%
Quinten Post,24.6,GSW,Big,635,0,72.7%,5,3.5%,13,0.6%,0,0.0%
Micah Potter,26.6,UTA,Big,679,0,83.3%,13,6.6%,20,0.7%,48,22.2%
Dwight Powell,33.3,DAL,Big,467,41,71.0%,94,20.3%,75,1.9%,53,23.1%
Norman Powell,31.4,LAC,Wing,1956,51,80.3%,77,10.8%,97,2.0%,19,14.3%
Taurean Prince,30.6,MIL,Wing,2161,55,81.3%,8,2.7%,22,0.6%,78,28.6%
Payton Pritchard,26.8,BOS,Point,2201,60,84.0%,8,2.8%,33,1.1%,81,30.4%
Olivier-Maxence Prosper,22.3,DAL,Forward,498,4,59.6%,95,17.7%,73,1.1%,13,10.7%
Trevelin Queen,27.7,ORL,Wing,352,0,84.6%,31,5.8%,37,0.7%,30,16.7%
Neemias Queta,25.3,BOS,Big,768,57,75.5%,55,12.2%,57,1.5%,16,13.0%
Immanuel Quickley,25.4,TOR,Combo,917,73,86.5%,80,12.2%,63,1.4%,31,18.6%
Lester Quinones,24.0,NOP,Big,148,0,80.0%,12,6.3%,93,2.6%,61,25.0%
Julius Randle,29.9,MIN,Big,2222,77,80.6%,76,14.8%,78,1.9%,38,20.4%
Duop Reath,28.4,POR,Big,372,0,100.0%,4,3.2%,21,0.8%,0,0.0%
Austin Reaves,26.4,LAL,Combo,2549,76,87.7%,91,13.5%,95,2.2%,68,26.6%
Cameron Reddish,25.2,LAL,Forward,553,0,58.3%,85,13.3%,32,0.6%,86,30.8%
Paul Reed,25.4,DET,Big,347,51,73.1%,19,7.5%,67,1.7%,48,22.2%
Alex Reese,25.5,PHI,Forward,196,0,72.7%,75,11.8%,2,0.2%,93,33.3%
Antonio Reeves,23.9,NOP,Wing,548,34,75.9%,42,6.6%,7,0.3%,55,23.1%
Naz Reid,25.2,MIN,Big,2190,65,77.6%,19,7.2%,23,0.9%,79,29.0%
Jared Rhoden,25.2,TOR,Wing,205,0,87.5%,91,13.3%,11,0.4%,0,0.0%
Nick Richards,26.9,PHX,Big,815,83,82.2%,65,13.7%,36,1.1%,33,19.4%
Nick Richards,26.9,CHA,Big,438,27,67.8%,100,27.6%,45,1.2%,51,22.5%
Josh Richardson,31.1,MIA,Combo,139,0,100.0%,31,5.6%,85,1.9%,0,0.0%
Zaccharie Risacher,19.6,ATL,Forward,1804,25,71.1%,50,8.8%,27,0.6%,62,23.6%
Duncan Robinson,30.5,MIA,Wing,1778,94,88.7%,7,2.7%,45,0.8%,30,16.7%
Mitchell Robinson,26.6,NYK,Big,288,0,68.4%,32,9.8%,61,1.5%,23,16.7%
Orlando Robinson,24.3,TOR,Big,668,69,78.7%,47,11.5%,32,1.0%,9,3.4%
Jeremiah Robinson-Earl,24.0,NOP,Big,1134,96,86.3%,16,6.8%,16,0.7%,16,13.0%
David Roddy,23.6,ATL,Forward,302,0,78.9%,58,9.8%,40,0.7%,16,12.5%
Ryan Rollins,22.3,MIL,Point,751,28,79.5%,38,7.3%,40,1.2%,75,27.8%
Terry Rozier,30.6,MIA,Point,1630,70,85.2%,37,7.3%,17,0.9%,29,18.8%
Rayan Rupert,20.4,POR,Combo,325,0,66.7%,33,5.7%,10,0.5%,97,66.7%
D'Angelo Russell,28.7,BKN,Point,716,48,82.6%,69,11.0%,85,2.6%,44,20.5%
D'Angelo Russell,28.7,LAL,Point,755,65,84.3%,27,6.8%,46,1.3%,25,18.2%
Domantas Sabonis,28.5,SAC,Big,2427,56,75.4%,64,13.5%,91,2.5%,64,25.4%
Tidjane Salaun,19.2,CHA,Big,1181,50,72.8%,30,9.5%,41,1.1%,20,15.2%
Gui Santos,22.4,GSW,Wing,647,14,71.1%,73,10.0%,72,1.1%,92,37.5%
Dario Saric,30.6,DEN,Big,198,0,70.0%,25,8.8%,80,2.0%,0,0.0%
Alexandre Sarr,19.5,WAS,Big,1809,30,68.1%,22,8.6%,33,1.0%,19,14.5%
Marcus Sasser,24.1,DET,Point,724,57,83.3%,44,7.8%,50,1.4%,56,23.8%
Baylor Scheierman,24.1,BOS,Forward,309,0,75.0%,17,4.8%,56,0.9%,0,0.0%
Dennis Schroder,31.1,DET,Point,695,45,82.4%,75,11.4%,81,2.5%,33,19.4%
Dennis Schroder,31.1,BKN,Combo,772,84,88.9%,44,7.6%,98,2.4%,69,26.9%
Dennis Schroder,31.1,GSW,Combo,629,23,74.4%,26,5.0%,75,1.6%,10,7.7%
Alperen Sengun,22.3,HOU,Big,2391,35,69.2%,75,14.7%,98,3.5%,48,22.2%
Brice Sensabaugh,21.0,UTA,Forward,1393,95,88.1%,21,5.7%,9,0.4%,92,32.4%
Collin Sexton,25.8,UTA,Wing,1754,84,86.3%,86,12.2%,98,2.2%,65,25.9%
Landry Shamet,27.6,NYK,Wing,703,0,64.7%,13,3.7%,61,1.0%,60,25.0%
Terrence Shannon Jr.,24.3,MIN,Forward,267,0,81.0%,74,11.5%,4,0.3%,67,25.0%
Day'Ron Sharpe,23.0,BKN,Big,868,71,79.4%,29,9.4%,71,1.8%,56,23.3%
Shaedon Sharpe,21.4,POR,Combo,2258,37,78.5%,67,10.1%,47,1.2%,74,27.7%
Jamal Shead,22.3,TOR,Point,1379,20,77.6%,29,7.0%,23,1.0%,92,40.0%
Ben Sheppard,23.3,IND,Wing,1175,0,87.5%,15,4.0%,13,0.4%,74,27.3%
Reed Sheppard,20.4,HOU,Combo,543,0,83.3%,5,1.9%,5,0.4%,0,0.0%
Pascal Siakam,30.6,IND,Big,2547,52,73.7%,51,11.8%,70,1.8%,67,26.1%
Ben Simmons,28.3,LAC,Point,289,0,85.7%,31,7.1%,10,0.8%,62,25.0%
Ben Simmons,28.3,BKN,Point,820,10,69.2%,40,7.3%,37,1.2%,83,30.8%
Anfernee Simons,25.4,POR,Combo,2291,94,90.2%,38,6.9%,34,0.9%,53,23.5%
K.J. Simpson,22.2,CHA,Point,804,30,81.6%,35,7.2%,79,2.1%,73,27.3%
Jericho Sims,26.0,MIL,Big,203,0,0.0%,0,0.0%,14,0.7%,99,0.0%
Jericho Sims,26.0,NYK,Big,354,0,61.5%,52,11.9%,61,1.5%,34,20.0%
Marcus Smart,30.7,WAS,Combo,280,10,68.6%,48,7.8%,100,2.9%,47,22.2%
Marcus Smart,30.7,MEM,Combo,397,60,83.3%,40,7.1%,74,1.6%,13,9.1%
Dru Smith,26.8,MIA,Combo,248,0,76.9%,18,3.4%,17,0.7%,0,0.0%
Jalen Smith,24.6,CHI,Big,919,73,80.0%,33,10.0%,58,1.5%,76,28.6%
Jabari Smith Jr.,21.5,HOU,Big,1711,86,83.2%,22,8.4%,63,1.6%,27,17.6%
Nick Smith Jr.,20.5,CHA,Combo,1300,100,97.5%,9,2.4%,18,0.7%,21,15.4%
Jeremy Sochan,21.5,SAS,Forward,1365,19,69.6%,79,12.0%,79,1.3%,76,27.9%
Cam Spencer,24.6,MEM,Wing,207,0,100.0%,26,5.3%,54,1.0%,60,25.0%
Pat Spencer,28.3,GSW,Combo,143,0,81.8%,62,9.5%,82,1.8%,25,16.7%
Jaden Springer,22.1,UTA,Combo,223,0,70.6%,89,13.1%,83,1.8%,17,12.5%
Lamar Stevens,27.3,MEM,Forward,144,0,70.0%,43,8.3%,30,0.6%,42,20.0%
Isaiah Stewart,23.4,DET,Big,1425,59,75.9%,50,11.8%,59,1.5%,72,27.5%
Julian Strawther,22.5,DEN,Wing,1302,75,84.8%,46,6.9%,92,1.7%,46,21.2%
Max Strus,28.6,CLE,Wing,1267,64,82.4%,6,2.6%,74,1.2%,41,20.0%
Jalen Suggs,23.4,ORL,Point,1001,78,87.6%,50,8.3%,88,2.8%,56,23.8%
Cole Swider,25.5,TOR,Big,149,0,0.0%,1,1.9%,0,0.0%,98,100.0%
Jae'Sean Tate,29.0,HOU,Forward,500,18,69.4%,63,10.3%,86,1.5%,19,14.3%
Jayson Tatum,26.7,BOS,Forward,2622,69,81.6%,71,11.0%,95,2.1%,50,21.0%
Garrett Temple,38.5,TOR,Combo,180,0,87.5%,34,5.8%,70,1.6%,0,0.0%
Dalen Terry,22.3,CHI,Wing,907,23,73.2%,75,10.0%,41,0.8%,24,15.4%
Daniel Theis,32.6,NOP,Big,612,89,83.8%,39,10.7%,69,1.8%,34,20.0%
Cameron Thomas,23.1,BKN,Wing,793,89,88.0%,97,14.0%,97,2.2%,53,22.5%
Amen Thompson,21.8,HOU,Combo,2203,8,68.5%,99,15.6%,23,0.7%,33,18.9%
Ausar Thompson,21.8,DET,Wing,1310,0,64.5%,84,12.1%,87,1.5%,23,14.8%
Klay Thompson,34.7,DAL,Forward,1960,100,91.8%,8,3.1%,14,0.5%,67,25.0%
Tristan Thompson,33.6,CLE,Big,192,0,20.0%,85,16.7%,51,1.3%,23,16.7%
JT Thor,22.2,WAS,Big,192,0,57.1%,74,14.6%,25,0.9%,0,0.0%
Matisse Thybulle,27.7,POR,Wing,312,0,46.7%,40,6.5%,29,0.6%,30,16.7%
Xavier Tillman,25.8,BOS,Big,154,0,75.0%,3,2.9%,24,0.9%,0,0.0%
Drew Timme,24.1,BKN,Big,237,0,57.1%,26,9.1%,48,1.3%,95,44.4%
Obi Toppin,26.7,IND,Forward,1522,51,78.2%,37,7.7%,70,1.1%,72,25.5%
Karl-Anthony Towns,29.0,NYK,Big,2511,85,82.7%,80,15.9%,83,2.1%,82,29.6%
Gary Trent Jr.,25.8,MIL,Wing,1876,72,84.3%,30,5.7%,15,0.5%,55,23.1%
Oscar Tshiebwe,24.9,UTA,Big,253,47,72.4%,98,22.2%,2,0.3%,86,33.3%
Myles Turner,28.6,IND,Big,2173,64,77.3%,59,13.0%,68,1.8%,44,21.4%
Hunter Tyson,24.4,DEN,Forward,307,0,92.9%,41,8.1%,11,0.4%,79,28.6%
Jaylon Tyson,21.9,CLE,Forward,322,0,81.3%,27,6.7%,82,1.4%,79,28.6%
Jonas Valanciunas,32.5,SAC,Big,531,94,84.7%,59,13.0%,87,2.3%,41,20.7%
Jonas Valanciunas,32.5,WAS,Big,982,100,89.6%,41,10.8%,92,2.5%,34,20.0%
Fred VanVleet,30.7,HOU,Point,2122,50,82.8%,17,5.9%,35,1.2%,21,17.4%
Jarred Vanderbilt,25.6,LAL,Big,571,4,55.6%,39,10.7%,60,1.5%,17,14.3%
Devin Vassell,24.2,SAS,Wing,1978,46,79.2%,43,6.7%,34,0.7%,90,35.5%
Gabe Vincent,28.4,LAL,Combo,1489,0,71.4%,2,1.5%,15,0.6%,25,16.7%
Nikola Vucevic,34.0,CHI,Big,2277,76,80.5%,12,6.4%,65,1.7%,83,30.0%
Tristan Vukcevic,21.6,WAS,Big,439,53,74.5%,62,13.4%,53,1.4%,86,33.3%
Dean Wade,27.9,CLE,Forward,1228,3,53.3%,15,4.8%,18,0.5%,99,53.8%
Franz Wagner,23.2,ORL,Forward,2021,92,87.1%,66,10.8%,91,1.9%,18,13.8%
Moritz Wagner,27.5,ORL,Big,555,47,72.4%,87,17.0%,95,2.9%,70,27.1%
Jabari Walker,22.3,POR,Big,617,39,70.2%,67,13.8%,35,1.1%,28,17.9%
Jarace Walker,21.2,IND,Forward,1097,6,62.5%,46,8.6%,50,0.8%,85,30.0%
Lonnie Walker,25.9,PHI,Forward,468,58,80.0%,25,6.5%,25,0.5%,79,28.6%
Cason Wallace,21.0,OKC,Combo,1846,35,78.1%,11,3.1%,7,0.4%,91,46.7%
Keaton Wallace,25.7,ATL,Combo,476,0,100.0%,16,3.3%,2,0.4%,37,20.0%
Jordan Walsh,20.7,BOS,Wing,288,0,42.9%,24,5.3%,23,0.6%,85,33.3%
Ja'Kobe Walter,20.2,TOR,Combo,1045,44,80.0%,59,9.5%,22,0.7%,55,23.7%
Kel'el Ware,20.5,MIA,Big,1388,25,67.7%,18,7.0%,12,0.6%,42,21.2%
PJ Washington,26.2,DAL,Big,1824,46,72.2%,57,12.7%,44,1.2%,39,20.4%
Lindy Waters,27.3,GSW,Wing,580,0,66.7%,4,2.3%,14,0.4%,60,25.0%
Trendon Watford,24.0,BKN,Big,906,62,76.2%,79,15.6%,79,1.9%,52,23.0%
Peyton Watson,22.1,DEN,Forward,1625,21,69.7%,86,13.6%,29,0.6%,39,18.8%
Jaylen Wells,21.2,MEM,Wing,2009,60,81.7%,62,8.1%,59,1.0%,66,26.3%
Victor Wembanyama,20.8,SAS,Big,1522,86,83.5%,30,9.4%,99,3.7%,68,26.7%
Blake Wesley,21.6,SAS,Combo,571,5,63.3%,93,14.0%,40,1.1%,16,12.0%
Russell Westbrook,36.0,DEN,Point,2081,0,65.8%,77,11.9%,27,1.0%,31,19.3%
Coby White,24.7,CHI,Combo,2449,92,90.2%,77,11.0%,92,2.0%,75,27.8%
Derrick White,30.3,BOS,Combo,2562,63,83.9%,36,6.3%,60,1.4%,23,15.9%
Dariq Whitehead,20.3,BKN,Combo,215,0,66.7%,7,2.4%,14,0.6%,92,50.0%
Cam Whitmore,20.3,HOU,Forward,730,31,73.1%,34,7.5%,13,0.4%,67,25.0%
Aaron Wiggins,25.8,OKC,Wing,1653,61,81.7%,28,5.6%,17,0.5%,41,20.0%
Andrew Wiggins,29.7,GSW,Forward,1295,48,77.7%,84,13.1%,76,1.2%,58,23.3%
Andrew Wiggins,29.7,MIA,Wing,546,20,73.1%,90,12.9%,30,0.7%,50,22.2%
Brandon Williams,24.9,DAL,Point,417,38,82.1%,90,14.3%,73,2.0%,71,26.9%
Cody Williams,19.9,UTA,Wing,1041,19,72.5%,54,7.5%,9,0.4%,41,20.0%
Grant Williams,25.9,CHA,Big,478,89,83.8%,31,9.8%,82,2.0%,11,7.7%
Jalen Williams,23.6,OKC,Forward,2232,55,78.7%,77,11.9%,81,1.4%,52,21.7%
Jaylin Williams,22.3,OKC,Big,706,54,75.0%,8,5.2%,18,0.7%,93,36.4%
Kenrich Williams,29.9,OKC,Big,1056,44,71.8%,10,6.0%,12,0.6%,92,35.0%
Mark Williams,22.9,CHA,Big,1163,74,80.2%,88,17.2%,55,1.4%,78,28.7%
Patrick Williams,23.2,CHI,Forward,1565,29,72.3%,32,7.4%,38,0.7%,42,20.0%
Robert Williams,27.0,POR,Big,351,0,88.2%,39,10.7%,7,0.5%,86,33.3%
Ziaire Williams,23.1,BKN,Wing,1533,67,82.8%,63,8.4%,85,1.4%,17,12.8%
Vince Williams Jr.,24.2,MEM,Wing,493,0,79.2%,25,5.3%,90,1.6%,50,22.2%
Zion Williamson,24.3,NOP,Forward,852,12,65.6%,97,22.2%,89,1.8%,74,26.3%
Jalen Wilson,24.0,BKN,Forward,1979,61,80.8%,47,8.7%,77,1.3%,25,16.1%
Isaiah Wong,23.8,CHA,Combo,248,18,73.5%,97,15.6%,20,0.7%,14,11.8%
Delon Wright,32.5,MIL,Combo,358,0,56.3%,57,9.5%,38,1.0%,0,0.0%
Delon Wright,32.5,NYK,Point,202,0,80.0%,25,6.3%,13,0.9%,88,33.3%
Guerschon Yabusele,28.9,PHI,Big,1867,48,72.5%,33,10.2%,50,1.3%,41,21.0%
Trae Young,26.1,ATL,Point,2736,75,87.5%,83,12.4%,94,3.2%,38,19.8%
Ivica Zubac,27.6,LAC,Big,2622,19,66.1%,54,12.1%,76,1.9%,79,29.0%
Tristan daSilva,23.5,ORL,Forward,1528,87,86.2%,23,5.8%,35,0.7%,37,18.5%